id,kind,text,verification_tier,verification_method,status,static_syntax,file,line_start,line_end,section,source_type
com-71fd03b28a,command,cat vast_host_install.log,local-safe,Verify command availability/help and static syntax locally; use placeholders and do not supply production credentials.,static-syntax-passed-not-executed,pass: Parsed with bash -n after replacing angle-bracket placeholders; no command was executed.,host/common-errors-diagnostics.mdx,31,31,Logs And Support Bundles,authored
com-4c96f697d8,command,"tar -xzvf vastai_install_logs.tar.gz
cat vast_host_install.log",local-safe,Verify command availability/help and static syntax locally; use placeholders and do not supply production credentials.,static-syntax-passed-not-executed,pass: Parsed with bash -n after replacing angle-bracket placeholders; no command was executed.,host/common-errors-diagnostics.mdx,37,38,Logs And Support Bundles,authored
com-5c5f0ecb04,command,sudo tail -n 100 /var/lib/vastai_kaalia/kaalia.log,privileged-host,"Verify on a disposable supported Ubuntu host; record OS version, command output, and expected postcondition.",static-syntax-passed-not-executed,pass: Parsed with bash -n after replacing angle-bracket placeholders; no command was executed.,host/common-errors-diagnostics.mdx,44,44,Logs And Support Bundles,authored
com-5c5f0ecb04,command,sudo tail -n 100 /var/lib/vastai_kaalia/kaalia.log,privileged-host,"Verify on a disposable supported Ubuntu host; record OS version, command output, and expected postcondition.",static-syntax-passed-not-executed,pass: Parsed with bash -n after replacing angle-bracket placeholders; no command was executed.,host/workload-policy.mdx,55,55,Renter Reports And Host Logs,authored
com-506c929678,command,vastai self-test machine <machine_id>,paid-live,"Use an approved test machine/account and budget; record CLI SHA, image digest, machine, instance, cost, and result.",static-syntax-passed-not-executed,pass: Parsed with bash -n after replacing angle-bracket placeholders; no command was executed.,host/common-errors-diagnostics.mdx,50,50,Logs And Support Bundles,authored
com-506c929678,command,vastai self-test machine <machine_id>,paid-live,"Use an approved test machine/account and budget; record CLI SHA, image digest, machine, instance, cost, and result.",static-syntax-passed-not-executed,pass: Parsed with bash -n after replacing angle-bracket placeholders; no command was executed.,host/how-to-self-test.mdx,79,79,Run The Test,authored
com-162fe82f61,command,"vastai self-test machine <machine_id> \
  --support-bundle-dir /path/to/output",paid-live,"Use an approved test machine/account and budget; record CLI SHA, image digest, machine, instance, cost, and result.",static-syntax-passed-not-executed,pass: Parsed with bash -n after replacing angle-bracket placeholders; no command was executed.,host/common-errors-diagnostics.mdx,62,63,Logs And Support Bundles,authored
com-162fe82f61,command,"vastai self-test machine <machine_id> \
  --support-bundle-dir /path/to/output",paid-live,"Use an approved test machine/account and budget; record CLI SHA, image digest, machine, instance, cost, and result.",static-syntax-passed-not-executed,pass: Parsed with bash -n after replacing angle-bracket placeholders; no command was executed.,host/how-to-self-test.mdx,85,86,Run The Test,authored
com-2384e2069c,command,vastai dump-logs <machine_id>,local-safe,Verify command availability/help and static syntax locally; use placeholders and do not supply production credentials.,static-syntax-passed-not-executed,pass: Parsed with bash -n after replacing angle-bracket placeholders; no command was executed.,host/common-errors-diagnostics.mdx,79,79,Logs And Support Bundles,authored
com-022b4a74b6,command,vastai dump-logs <machine_id> --include-local-host-artifacts,local-safe,Verify command availability/help and static syntax locally; use placeholders and do not supply production credentials.,static-syntax-passed-not-executed,pass: Parsed with bash -n after replacing angle-bracket placeholders; no command was executed.,host/common-errors-diagnostics.mdx,85,85,Logs And Support Bundles,authored
com-c80bebc3e2,command,"systemctl is-active vastai.service vast_metrics.service docker nvidia-persistenced.service
sudo journalctl -u vastai.service -n 80 --no-pager
sudo journalctl -u vast_metrics.service -n 80 --no-pager
sudo tail -n 100 /var/lib/vastai_kaalia/kaalia.log
sudo cat /var/lib/vastai_kaalia/host_port_range",privileged-host,"Verify on a disposable supported Ubuntu host; record OS version, command output, and expected postcondition.",static-syntax-passed-not-executed,pass: Parsed with bash -n after replacing angle-bracket placeholders; no command was executed.,host/common-errors-diagnostics.mdx,96,100,Host Service Snapshot,authored
com-78e9ae3e71,command,nvidia-smi,environment-dependent,Verify on the matching Linux/GPU/network environment and capture representative output or an error fixture.,inventoried-not-executed,,host/common-errors-diagnostics.mdx,121,121,GPU And Kernel Diagnostics,authored
com-78e9ae3e71,command,nvidia-smi,environment-dependent,Verify on the matching Linux/GPU/network environment and capture representative output or an error fixture.,inventoried-not-executed,,host/common-errors-diagnostics.mdx,181,181,Machine Error Lookup,authored
com-78e9ae3e71,command,nvidia-smi,environment-dependent,Verify on the matching Linux/GPU/network environment and capture representative output or an error fixture.,inventoried-not-executed,,host/hardware-prep.mdx,52,52,What NVIDIA driver version should I use?,authored
com-78e9ae3e71,command,nvidia-smi,environment-dependent,Verify on the matching Linux/GPU/network environment and capture representative output or an error fixture.,inventoried-not-executed,,host/headless-install.mdx,86,86,Step 2: Install NVIDIA Drivers,authored
com-78e9ae3e71,command,nvidia-smi,environment-dependent,Verify on the matching Linux/GPU/network environment and capture representative output or an error fixture.,inventoried-not-executed,,host/headless-install.mdx,89,89,Step 2: Install NVIDIA Drivers,authored
com-78e9ae3e71,command,nvidia-smi,environment-dependent,Verify on the matching Linux/GPU/network environment and capture representative output or an error fixture.,inventoried-not-executed,,host/headless-install.mdx,237,237,Step 7: Install The Vast Host Software,authored
com-78e9ae3e71,command,nvidia-smi,environment-dependent,Verify on the matching Linux/GPU/network environment and capture representative output or an error fixture.,inventoried-not-executed,,host/installing-host-software.mdx,58,58,Host Installer Wizard,authored
com-78e9ae3e71,command,nvidia-smi,environment-dependent,Verify on the matching Linux/GPU/network environment and capture representative output or an error fixture.,inventoried-not-executed,,host/installing-host-software.mdx,65,65,Headless Fallback,authored
com-78e9ae3e71,command,nvidia-smi,environment-dependent,Verify on the matching Linux/GPU/network environment and capture representative output or an error fixture.,inventoried-not-executed,,host/machine-errors.mdx,209,209,CUDA Unavailable,authored
com-78e9ae3e71,command,nvidia-smi,environment-dependent,Verify on the matching Linux/GPU/network environment and capture representative output or an error fixture.,inventoried-not-executed,,host/maintenance-windows.mdx,100,100,Should I disable automatic updates?,authored
com-78e9ae3e71,command,nvidia-smi,environment-dependent,Verify on the matching Linux/GPU/network environment and capture representative output or an error fixture.,inventoried-not-executed,,host/self-test-reference.mdx,226,226,nccl_failed Deep Dive,generated-self-test
com-d9cdba8b45,command,"sudo journalctl -k -b --no-pager | grep -Ei 'NVRM|Xid|AER|PCIe|fallen|GPU has fallen'
sudo dmesg -T | grep -Ei 'NVRM|Xid|AER|PCIe|fallen|GPU has fallen'",privileged-host,"Verify on a disposable supported Ubuntu host; record OS version, command output, and expected postcondition.",static-syntax-passed-not-executed,pass: Parsed with bash -n after replacing angle-bracket placeholders; no command was executed.,host/common-errors-diagnostics.mdx,131,132,GPU And Kernel Diagnostics,authored
com-ffe2351a20,command,"sudo journalctl -k -b --no-pager | grep -Ei 'AER|PCIe Bus Error|pcieport|NVRM|Xid'
sudo journalctl -k -b -1 --no-pager | grep -Ei 'AER|PCIe Bus Error|pcieport|NVRM|Xid'
sudo dmesg -T | grep -Ei 'AER|PCIe Bus Error|pcieport|NVRM|Xid'
sudo grep -Ei 'AER|PCIe Bus Error|pcieport|NVRM|Xid' /var/log/syslog /var/log/syslog.1 /var/log/kern.log /var/log/kern.log.1 2>/dev/null
sudo zgrep -Ei 'AER|PCIe Bus Error|pcieport|NVRM|Xid' /var/log/syslog.*.gz /var/log/kern.log.*.gz 2>/dev/null",privileged-host,"Verify on a disposable supported Ubuntu host; record OS version, command output, and expected postcondition.",static-syntax-passed-not-executed,pass: Parsed with bash -n after replacing angle-bracket placeholders; no command was executed.,host/common-errors-diagnostics.mdx,138,142,GPU And Kernel Diagnostics,authored
com-84ff05e985,command,sudo journalctl -kf | grep --line-buffered -Ei 'AER|PCIe Bus Error|pcieport|NVRM|Xid',privileged-host,"Verify on a disposable supported Ubuntu host; record OS version, command output, and expected postcondition.",static-syntax-passed-not-executed,pass: Parsed with bash -n after replacing angle-bracket placeholders; no command was executed.,host/common-errors-diagnostics.mdx,148,148,GPU And Kernel Diagnostics,authored
com-35d595f6c6,command,"nvidia-smi -L
sudo docker run --rm --gpus all nvidia/cuda:12.2.0-base-ubuntu22.04 nvidia-smi -L",destructive-or-mutating,Verify in a disposable/non-production environment with peer review and recorded before/after state.,static-syntax-passed-not-executed,pass: Parsed with bash -n after replacing angle-bracket placeholders; no command was executed.,host/common-errors-diagnostics.mdx,154,155,GPU And Kernel Diagnostics,authored
com-35d595f6c6,command,"nvidia-smi -L
sudo docker run --rm --gpus all nvidia/cuda:12.2.0-base-ubuntu22.04 nvidia-smi -L",destructive-or-mutating,Verify in a disposable/non-production environment with peer review and recorded before/after state.,static-syntax-passed-not-executed,pass: Parsed with bash -n after replacing angle-bracket placeholders; no command was executed.,host/machine-errors.mdx,114,115,CDI Device Injection,authored
com-fdf15c8683,command,sudo docker run --rm --gpus all oguzpastirmaci/gpu-burn 60,destructive-or-mutating,Verify in a disposable/non-production environment with peer review and recorded before/after state.,static-syntax-passed-not-executed,pass: Parsed with bash -n after replacing angle-bracket placeholders; no command was executed.,host/common-errors-diagnostics.mdx,161,161,GPU And Kernel Diagnostics,authored
com-53cebfb71d,command,"sudo cat /var/lib/vastai_kaalia/host_port_range
df -h /var/lib/docker
sudo docker system df
findmnt /var/lib/docker -no SOURCE,FSTYPE,OPTIONS",privileged-host,"Verify on a disposable supported Ubuntu host; record OS version, command output, and expected postcondition.",static-syntax-passed-not-executed,pass: Parsed with bash -n after replacing angle-bracket placeholders; no command was executed.,host/common-errors-diagnostics.mdx,189,192,Storage And Port Evidence,authored
com-348b4a5efd,command,"systemctl is-active vastai.service vast_metrics.service docker nvidia-persistenced.service
systemctl --no-pager --full status vastai.service vast_metrics.service docker nvidia-persistenced.service
sudo journalctl -u vastai.service -n 80 --no-pager
sudo journalctl -u vast_metrics.service -n 80 --no-pager
sudo tail -n 100 /var/lib/vastai_kaalia/kaalia.log
sudo cat /var/lib/vastai_kaalia/host_port_range",privileged-host,"Verify on a disposable supported Ubuntu host; record OS version, command output, and expected postcondition.",static-syntax-passed-not-executed,pass: Parsed with bash -n after replacing angle-bracket placeholders; no command was executed.,host/first-24-hours.mdx,29,34,Healthy Daemon,authored
com-7c8b33bd93,command,vastai show machines --raw,account-read-only,Verify against current CLI help and a non-production authenticated account; confirm flags and output shape without mutation.,static-syntax-passed-not-executed,pass: Parsed with bash -n after replacing angle-bracket placeholders; no command was executed.,host/fleet-operations.mdx,22,22,Fleet State,authored
com-7c8b33bd93,command,vastai show machines --raw,account-read-only,Verify against current CLI help and a non-production authenticated account; confirm flags and output shape without mutation.,static-syntax-passed-not-executed,pass: Parsed with bash -n after replacing angle-bracket placeholders; no command was executed.,host/fleet-operations.mdx,76,76,Monitor,authored
com-9441748e81,command,vastai list machines <selected-machines> -e 12/31/2026 --retry 6,account-read-only,Verify against current CLI help and a non-production authenticated account; confirm flags and output shape without mutation.,static-syntax-passed-not-executed,pass: Parsed with bash -n after replacing angle-bracket placeholders; no command was executed.,host/fleet-operations.mdx,32,32,Bulk Listing And Pricing,authored
com-433c2e0c1e,command,"vastai schedule maint <selected-machine> --sdate 1782950400 --duration 2 --maintenance_category power
vastai show maints --ids <selected-machine>
vastai cancel maint <selected-machine>",destructive-or-mutating,Verify in a disposable/non-production environment with peer review and recorded before/after state.,static-syntax-passed-not-executed,pass: Parsed with bash -n after replacing angle-bracket placeholders; no command was executed.,host/fleet-operations.mdx,44,46,Maintenance Windows,authored
com-da95adbc5a,command,"vastai set defjob <ID> --price_gpu 0.20 --image <your-image> --args <container-args>
vastai remove defjob <ID>",destructive-or-mutating,Verify in a disposable/non-production environment with peer review and recorded before/after state.,static-syntax-passed-not-executed,pass: Parsed with bash -n after replacing angle-bracket placeholders; no command was executed.,host/fleet-operations.mdx,56,57,Default Jobs,authored
com-f946d81373,command,vastai defrag machines $(vastai show machines -q),destructive-or-mutating,Verify in a disposable/non-production environment with peer review and recorded before/after state.,static-syntax-passed-not-executed,pass: Parsed with bash -n after replacing angle-bracket placeholders; no command was executed.,host/fleet-operations.mdx,67,67,Defragment GPUs,authored
com-1d8b80405d,command,vastai metrics,account-read-only,Verify against current CLI help and a non-production authenticated account; confirm flags and output shape without mutation.,inventoried-not-executed,,host/fleet-operations.mdx,82,82,Monitor,authored
com-4da5ff7519,command,vastai cleanup machine <selected-machine>,destructive-or-mutating,Verify in a disposable/non-production environment with peer review and recorded before/after state.,static-syntax-passed-not-executed,pass: Parsed with bash -n after replacing angle-bracket placeholders; no command was executed.,host/fleet-operations.mdx,89,89,Cleanup And Decommissioning,authored
com-f1391f0c85,command,"lsb_release -a
uname -a
lscpu | sed -n '1,25p'
lspci | grep -i nvidia
lsblk -f
findmnt / /data0 /var/lib/docker
df -h /
ip -brief address",privileged-host,"Verify on a disposable supported Ubuntu host; record OS version, command output, and expected postcondition.",static-syntax-passed-not-executed,pass: Parsed with bash -n after replacing angle-bracket placeholders; no command was executed.,host/hardware-prep.mdx,30,37,How do I inventory a clean host?,authored
com-874c732c2a,command,"ssh-keygen -R HOST_PUBLIC_IP
ssh ubuntu@HOST_PUBLIC_IP",local-safe,Verify command availability/help and static syntax locally; use placeholders and do not supply production credentials.,static-syntax-passed-not-executed,pass: Parsed with bash -n after replacing angle-bracket placeholders; no command was executed.,host/headless-install.mdx,23,24,First SSH Connection After Provisioning,authored
com-12a15290e5,command,apt-get,local-safe,Verify command availability/help and static syntax locally; use placeholders and do not supply production credentials.,inventoried-not-executed,,host/headless-install.mdx,31,31,Step 1: Update The System,authored
com-383857bc9c,command,"sudo apt-get update
APT_OPTS=""-o Dpkg::Options::=--force-confdef -o Dpkg::Options::=--force-confold""
sudo DEBIAN_FRONTEND=noninteractive apt-get $APT_OPTS upgrade -y
sudo DEBIAN_FRONTEND=noninteractive apt-get $APT_OPTS dist-upgrade -y
sudo DEBIAN_FRONTEND=noninteractive apt-get $APT_OPTS install -y update-manager-core",privileged-host,"Verify on a disposable supported Ubuntu host; record OS version, command output, and expected postcondition.",static-syntax-passed-not-executed,pass: Parsed with bash -n after replacing angle-bracket placeholders; no command was executed.,host/headless-install.mdx,34,38,Step 1: Update The System,authored
com-a8171f44c3,command,"APT_OPTS=""-o Dpkg::Options::=--force-confdef -o Dpkg::Options::=--force-confold""
sudo DEBIAN_FRONTEND=noninteractive apt-get $APT_OPTS install --install-recommends linux-generic-hwe-24.04 -y",privileged-host,"Verify on a disposable supported Ubuntu host; record OS version, command output, and expected postcondition.",static-syntax-passed-not-executed,pass: Parsed with bash -n after replacing angle-bracket placeholders; no command was executed.,host/headless-install.mdx,46,47,Step 1: Update The System,authored
com-cfe34cebde,command,sudo reboot,destructive-or-mutating,Verify in a disposable/non-production environment with peer review and recorded before/after state.,static-syntax-passed-not-executed,pass: Parsed with bash -n after replacing angle-bracket placeholders; no command was executed.,host/headless-install.mdx,53,53,Step 1: Update The System,authored
com-cfe34cebde,command,sudo reboot,destructive-or-mutating,Verify in a disposable/non-production environment with peer review and recorded before/after state.,static-syntax-passed-not-executed,pass: Parsed with bash -n after replacing angle-bracket placeholders; no command was executed.,host/headless-install.mdx,80,80,Step 2: Install NVIDIA Drivers,authored
com-cfe34cebde,command,sudo reboot,destructive-or-mutating,Verify in a disposable/non-production environment with peer review and recorded before/after state.,static-syntax-passed-not-executed,pass: Parsed with bash -n after replacing angle-bracket placeholders; no command was executed.,host/headless-install.mdx,280,280,Step 11: Reboot And Verify,authored
com-6c22cc7f5a,command,"APT_OPTS=""-o Dpkg::Options::=--force-confdef -o Dpkg::Options::=--force-confold""
sudo DEBIAN_FRONTEND=noninteractive apt-get $APT_OPTS install -y build-essential ubuntu-drivers-common
sudo apt-get update",privileged-host,"Verify on a disposable supported Ubuntu host; record OS version, command output, and expected postcondition.",static-syntax-passed-not-executed,pass: Parsed with bash -n after replacing angle-bracket placeholders; no command was executed.,host/headless-install.mdx,59,61,Step 2: Install NVIDIA Drivers,authored
com-1bec33cec9,command,ubuntu-drivers devices,local-safe,Verify command availability/help and static syntax locally; use placeholders and do not supply production credentials.,static-syntax-passed-not-executed,pass: Parsed with bash -n after replacing angle-bracket placeholders; no command was executed.,host/headless-install.mdx,67,67,Step 2: Install NVIDIA Drivers,authored
com-a01d031ad6,command,"APT_OPTS=""-o Dpkg::Options::=--force-confdef -o Dpkg::Options::=--force-confold""
sudo DEBIAN_FRONTEND=noninteractive apt-get $APT_OPTS install -y nvidia-driver-595-open",privileged-host,"Verify on a disposable supported Ubuntu host; record OS version, command output, and expected postcondition.",static-syntax-passed-not-executed,pass: Parsed with bash -n after replacing angle-bracket placeholders; no command was executed.,host/headless-install.mdx,73,74,Step 2: Install NVIDIA Drivers,authored
com-753fb9bfe2,command,"sudo DEBIAN_FRONTEND=noninteractive apt-get purge --auto-remove unattended-upgrades -y
sudo systemctl disable apt-daily-upgrade.timer
sudo systemctl mask apt-daily-upgrade.service
sudo systemctl disable apt-daily.timer
sudo systemctl mask apt-daily.service",destructive-or-mutating,Verify in a disposable/non-production environment with peer review and recorded before/after state.,static-syntax-passed-not-executed,pass: Parsed with bash -n after replacing angle-bracket placeholders; no command was executed.,host/headless-install.mdx,96,100,Step 3: Disable Automatic Updates,authored
com-6a672a26b7,command,sudo nvidia-xconfig -a --cool-bits=28 --allow-empty-initial-configuration --enable-all-gpus,privileged-host,"Verify on a disposable supported Ubuntu host; record OS version, command output, and expected postcondition.",static-syntax-passed-not-executed,pass: Parsed with bash -n after replacing angle-bracket placeholders; no command was executed.,host/headless-install.mdx,110,110,Step 4: X Server Config,authored
com-f167ee595e,command,"sudo apt-get update
sudo apt-get -y upgrade
sudo apt-get install -y libgtk-3-0 xinit xserver-xorg-core
sudo apt-get remove -y gnome-shell
sudo update-grub
sudo nvidia-xconfig -a --cool-bits=28 --allow-empty-initial-configuration --enable-all-gpus",privileged-host,"Verify on a disposable supported Ubuntu host; record OS version, command output, and expected postcondition.",static-syntax-passed-not-executed,pass: Parsed with bash -n after replacing angle-bracket placeholders; no command was executed.,host/headless-install.mdx,116,121,Step 4: X Server Config,authored
com-642b2a3fd4,command,lsblk,environment-dependent,Verify on the matching Linux/GPU/network environment and capture representative output or an error fixture.,inventoried-not-executed,,host/headless-install.mdx,129,129,Step 5: Mount NVMe For Docker Storage,authored
com-5f06074e54,command,"lsblk -f
findmnt /
findmnt /data0 || true
findmnt /var/lib/docker || true",privileged-host,"Verify on a disposable supported Ubuntu host; record OS version, command output, and expected postcondition.",static-syntax-passed-not-executed,pass: Parsed with bash -n after replacing angle-bracket placeholders; no command was executed.,host/headless-install.mdx,135,138,Step 5: Mount NVMe For Docker Storage,authored
com-3a6c845f0a,command,sudo cfdisk /dev/nvme0n1,privileged-host,"Verify on a disposable supported Ubuntu host; record OS version, command output, and expected postcondition.",static-syntax-passed-not-executed,pass: Parsed with bash -n after replacing angle-bracket placeholders; no command was executed.,host/headless-install.mdx,146,146,Step 5: Mount NVMe For Docker Storage,authored
com-1c0b5fc34c,command,"if findmnt -S /dev/nvme0n1p1 >/dev/null; then
  sudo umount /dev/nvme0n1p1
fi",destructive-or-mutating,Verify in a disposable/non-production environment with peer review and recorded before/after state.,static-syntax-passed-not-executed,pass: Parsed with bash -n after replacing angle-bracket placeholders; no command was executed.,host/headless-install.mdx,156,158,Step 5: Mount NVMe For Docker Storage,authored
com-b3c6d09d98,command,sudo mkfs.xfs /dev/nvme0n1p1,destructive-or-mutating,Verify in a disposable/non-production environment with peer review and recorded before/after state.,static-syntax-passed-not-executed,pass: Parsed with bash -n after replacing angle-bracket placeholders; no command was executed.,host/headless-install.mdx,162,162,Step 5: Mount NVMe For Docker Storage,authored
com-48907fa667,command,sudo mkdir -p /var/lib/docker,privileged-host,"Verify on a disposable supported Ubuntu host; record OS version, command output, and expected postcondition.",static-syntax-passed-not-executed,pass: Parsed with bash -n after replacing angle-bracket placeholders; no command was executed.,host/headless-install.mdx,170,170,Step 5: Mount NVMe For Docker Storage,authored
com-70c98bd4ff,command,sudo blkid /dev/nvme0n1p1,privileged-host,"Verify on a disposable supported Ubuntu host; record OS version, command output, and expected postcondition.",static-syntax-passed-not-executed,pass: Parsed with bash -n after replacing angle-bracket placeholders; no command was executed.,host/headless-install.mdx,176,176,Step 5: Mount NVMe For Docker Storage,authored
com-031f955403,command,"sudo mount -a
df -h /var/lib/docker
findmnt /var/lib/docker -no SOURCE,FSTYPE,OPTIONS
sudo xfs_quota -x -c ""state"" /var/lib/docker",privileged-host,"Verify on a disposable supported Ubuntu host; record OS version, command output, and expected postcondition.",static-syntax-passed-not-executed,pass: Parsed with bash -n after replacing angle-bracket placeholders; no command was executed.,host/headless-install.mdx,197,200,Step 5: Mount NVMe For Docker Storage,authored
com-7ae7541c9d,command,"sudo bash -c '(crontab -l 2>/dev/null; echo ""@reboot nvidia-smi -pm 1"" ) | crontab -'",destructive-or-mutating,Verify in a disposable/non-production environment with peer review and recorded before/after state.,static-syntax-passed-not-executed,pass: Parsed with bash -n after replacing angle-bracket placeholders; no command was executed.,host/headless-install.mdx,210,210,Step 6: Enable GPU Persistence Mode,authored
com-7526ba6636,command,tmux new -s vast-install,local-safe,Verify command availability/help and static syntax locally; use placeholders and do not supply production credentials.,static-syntax-passed-not-executed,pass: Parsed with bash -n after replacing angle-bracket placeholders; no command was executed.,host/headless-install.mdx,220,220,Step 7: Install The Vast Host Software,authored
com-392fd1e954,command,python3 install,local-safe,Verify command availability/help and static syntax locally; use placeholders and do not supply production credentials.,inventoried-not-executed,,host/headless-install.mdx,223,223,Step 7: Install The Vast Host Software,authored
com-0e5a326c26,command,wget,local-safe,Verify command availability/help and static syntax locally; use placeholders and do not supply production credentials.,inventoried-not-executed,,host/headless-install.mdx,223,223,Step 7: Install The Vast Host Software,authored
com-d6fe4990c9,command,"read -rsp ""Paste fresh Vast host setup key: "" VAST_HOST_KEY
echo
sudo python3 ./install ""$VAST_HOST_KEY"" \
  --no-driver \
  --docker-partition /dev/mapper/vg1-lv--1 \
  --ports 40000 40799
unset VAST_HOST_KEY",credential-bearing,Verify only with redacted placeholders and an approved test credential; confirm no secret appears in logs or history.,static-syntax-passed-not-executed,pass: Parsed with bash -n after replacing angle-bracket placeholders; no command was executed.,host/headless-install.mdx,228,234,Step 7: Install The Vast Host Software,authored
com-10c8e6f115,command,sudo update-grub,privileged-host,"Verify on a disposable supported Ubuntu host; record OS version, command output, and expected postcondition.",static-syntax-passed-not-executed,pass: Parsed with bash -n after replacing angle-bracket placeholders; no command was executed.,host/headless-install.mdx,256,256,Step 8: Configure GRUB Only When Needed,authored
com-6f689dccec,command,"echo -n ""40000-40799"" | sudo tee /var/lib/vastai_kaalia/host_port_range
sudo systemctl restart vastai.service
sudo tail -n 50 /var/lib/vastai_kaalia/kaalia.log | grep host_port_range",destructive-or-mutating,Verify in a disposable/non-production environment with peer review and recorded before/after state.,static-syntax-passed-not-executed,pass: Parsed with bash -n after replacing angle-bracket placeholders; no command was executed.,host/headless-install.mdx,264,266,Step 9: Configure Networking,authored
com-6f689dccec,command,"echo -n ""40000-40799"" | sudo tee /var/lib/vastai_kaalia/host_port_range
sudo systemctl restart vastai.service
sudo tail -n 50 /var/lib/vastai_kaalia/kaalia.log | grep host_port_range",destructive-or-mutating,Verify in a disposable/non-production environment with peer review and recorded before/after state.,static-syntax-passed-not-executed,pass: Parsed with bash -n after replacing angle-bracket placeholders; no command was executed.,host/network-ports.mdx,46,48,Set The Host Port Range,authored
com-831ca2ea65,command,echo -n,local-safe,Verify command availability/help and static syntax locally; use placeholders and do not supply production credentials.,inventoried-not-executed,,host/headless-install.mdx,269,269,Step 9: Configure Networking,authored
com-f11717dcec,command,sudo nc -l -p PORT,privileged-host,"Verify on a disposable supported Ubuntu host; record OS version, command output, and expected postcondition.",inventoried-not-executed,,host/headless-install.mdx,271,271,Step 9: Configure Networking,authored
com-f838f8c5b3,command,"# Check NVMe is mounted to /var/lib/docker
df -h /var/lib/docker
findmnt /var/lib/docker -no SOURCE,FSTYPE,OPTIONS
sudo xfs_quota -x -c ""state"" /var/lib/docker

# Check the Vast services and Docker are running
systemctl is-active vastai.service vast_metrics.service docker nvidia-persistenced.service

# Check the configured port range
sudo cat /var/lib/vastai_kaalia/host_port_range

# Check GPUs are visible
nvidia-smi",privileged-host,"Verify on a disposable supported Ubuntu host; record OS version, command output, and expected postcondition.",static-syntax-passed-not-executed,pass: Parsed with bash -n after replacing angle-bracket placeholders; no command was executed.,host/headless-install.mdx,286,298,Step 11: Reboot And Verify,authored
com-5bb86854f0,command,vastai.service,local-safe,Verify command availability/help and static syntax locally; use placeholders and do not supply production credentials.,inventoried-not-executed,,host/headless-install.mdx,306,306,"Step 12: List, Self-Test, And Monitor",authored
com-5bb86854f0,command,vastai.service,local-safe,Verify command availability/help and static syntax locally; use placeholders and do not supply production credentials.,inventoried-not-executed,,host/installing-host-software.mdx,119,119,Logs,authored
com-e1b3c61f1a,command,vastai set api-key,credential-bearing,Verify only with redacted placeholders and an approved test credential; confirm no secret appears in logs or history.,inventoried-not-executed,,host/host-teams.mdx,134,134,Vast CLI For Host Teams,authored
com-b5f1ac084d,command,vastai create team,local-safe,Verify command availability/help and static syntax locally; use placeholders and do not supply production credentials.,inventoried-not-executed,,host/host-teams.mdx,140,140,Vast CLI For Host Teams,authored
com-aefdbd4f60,command,vastai destroy team,destructive-or-mutating,Verify in a disposable/non-production environment with peer review and recorded before/after state.,inventoried-not-executed,,host/host-teams.mdx,141,141,Vast CLI For Host Teams,authored
com-4446c57e18,command,vastai invite member,local-safe,Verify command availability/help and static syntax locally; use placeholders and do not supply production credentials.,inventoried-not-executed,,host/host-teams.mdx,142,142,Vast CLI For Host Teams,authored
com-5498c88b50,command,vastai remove member,local-safe,Verify command availability/help and static syntax locally; use placeholders and do not supply production credentials.,inventoried-not-executed,,host/host-teams.mdx,142,142,Vast CLI For Host Teams,authored
com-3055867782,command,vastai show members,account-read-only,Verify against current CLI help and a non-production authenticated account; confirm flags and output shape without mutation.,inventoried-not-executed,,host/host-teams.mdx,142,142,Vast CLI For Host Teams,authored
com-dc85cf11a6,command,vastai create team-role,local-safe,Verify command availability/help and static syntax locally; use placeholders and do not supply production credentials.,inventoried-not-executed,,host/host-teams.mdx,143,143,Vast CLI For Host Teams,authored
com-52d9221db8,command,vastai remove team-role,local-safe,Verify command availability/help and static syntax locally; use placeholders and do not supply production credentials.,inventoried-not-executed,,host/host-teams.mdx,143,143,Vast CLI For Host Teams,authored
com-5f54c093d1,command,vastai show team-role,account-read-only,Verify against current CLI help and a non-production authenticated account; confirm flags and output shape without mutation.,inventoried-not-executed,,host/host-teams.mdx,143,143,Vast CLI For Host Teams,authored
com-c913b23b7d,command,vastai show team-roles,account-read-only,Verify against current CLI help and a non-production authenticated account; confirm flags and output shape without mutation.,inventoried-not-executed,,host/host-teams.mdx,143,143,Vast CLI For Host Teams,authored
com-b1f4f4671a,command,vastai update team-role,local-safe,Verify command availability/help and static syntax locally; use placeholders and do not supply production credentials.,inventoried-not-executed,,host/host-teams.mdx,143,143,Vast CLI For Host Teams,authored
com-998f501022,command,vastai create api-key,credential-bearing,Verify only with redacted placeholders and an approved test credential; confirm no secret appears in logs or history.,inventoried-not-executed,,host/host-teams.mdx,144,144,Vast CLI For Host Teams,authored
com-433f13d191,command,vastai delete api-key,destructive-or-mutating,Verify in a disposable/non-production environment with peer review and recorded before/after state.,inventoried-not-executed,,host/host-teams.mdx,144,144,Vast CLI For Host Teams,authored
com-b489e9f10e,command,vastai show api-keys,credential-bearing,Verify only with redacted placeholders and an approved test credential; confirm no secret appears in logs or history.,inventoried-not-executed,,host/host-teams.mdx,144,144,Vast CLI For Host Teams,authored
com-5bec4c77f5,command,vastai reports,local-safe,Verify command availability/help and static syntax locally; use placeholders and do not supply production credentials.,inventoried-not-executed,,host/host-teams.mdx,145,145,Vast CLI For Host Teams,authored
com-5bec4c77f5,command,vastai reports,local-safe,Verify command availability/help and static syntax locally; use placeholders and do not supply production credentials.,inventoried-not-executed,,host/workload-policy.mdx,97,97,Related Pages,authored
com-c92d595bcc,command,vastai show machine,account-read-only,Verify against current CLI help and a non-production authenticated account; confirm flags and output shape without mutation.,inventoried-not-executed,,host/host-teams.mdx,145,145,Vast CLI For Host Teams,authored
com-fae9e6d825,command,vastai show machines,account-read-only,Verify against current CLI help and a non-production authenticated account; confirm flags and output shape without mutation.,inventoried-not-executed,,host/host-teams.mdx,145,145,Vast CLI For Host Teams,authored
com-fae9e6d825,command,vastai show machines,account-read-only,Verify against current CLI help and a non-production authenticated account; confirm flags and output shape without mutation.,inventoried-not-executed,,snippets/host/cli/show-machines.mdx,20,20,Examples,generated-cli-sdk
com-e257182447,command,vastai cancel maint,destructive-or-mutating,Verify in a disposable/non-production environment with peer review and recorded before/after state.,inventoried-not-executed,,host/host-teams.mdx,146,146,Vast CLI For Host Teams,authored
com-2a33ef71c6,command,vastai list machines,account-read-only,Verify against current CLI help and a non-production authenticated account; confirm flags and output shape without mutation.,inventoried-not-executed,,host/host-teams.mdx,146,146,Vast CLI For Host Teams,authored
com-4a77a9892e,command,vastai schedule maint,destructive-or-mutating,Verify in a disposable/non-production environment with peer review and recorded before/after state.,inventoried-not-executed,,host/host-teams.mdx,146,146,Vast CLI For Host Teams,authored
com-8558d4cd62,command,vastai set min-bid,destructive-or-mutating,Verify in a disposable/non-production environment with peer review and recorded before/after state.,inventoried-not-executed,,host/host-teams.mdx,146,146,Vast CLI For Host Teams,authored
com-d9213a3c67,command,vastai unlist machine,destructive-or-mutating,Verify in a disposable/non-production environment with peer review and recorded before/after state.,inventoried-not-executed,,host/host-teams.mdx,146,146,Vast CLI For Host Teams,authored
com-4a4e012fd3,command,vastai cleanup machine,destructive-or-mutating,Verify in a disposable/non-production environment with peer review and recorded before/after state.,inventoried-not-executed,,host/host-teams.mdx,147,147,Vast CLI For Host Teams,authored
com-a22f77d185,command,vastai defrag machines,destructive-or-mutating,Verify in a disposable/non-production environment with peer review and recorded before/after state.,inventoried-not-executed,,host/host-teams.mdx,147,147,Vast CLI For Host Teams,authored
com-f5e11275af,command,vastai remove defjob,destructive-or-mutating,Verify in a disposable/non-production environment with peer review and recorded before/after state.,inventoried-not-executed,,host/host-teams.mdx,147,147,Vast CLI For Host Teams,authored
com-1d14f32817,command,vastai self-test machine,paid-live,"Use an approved test machine/account and budget; record CLI SHA, image digest, machine, instance, cost, and result.",inventoried-not-executed,,host/host-teams.mdx,147,147,Vast CLI For Host Teams,authored
com-b939ff5e67,command,vastai set defjob,destructive-or-mutating,Verify in a disposable/non-production environment with peer review and recorded before/after state.,inventoried-not-executed,,host/host-teams.mdx,147,147,Vast CLI For Host Teams,authored
com-b3eaf8d8bb,command,vastai metrics gpu,account-read-only,Verify against current CLI help and a non-production authenticated account; confirm flags and output shape without mutation.,inventoried-not-executed,,host/host-teams.mdx,148,148,Vast CLI For Host Teams,authored
com-b08aed66f0,command,vastai metrics gpu-locations,account-read-only,Verify against current CLI help and a non-production authenticated account; confirm flags and output shape without mutation.,inventoried-not-executed,,host/host-teams.mdx,148,148,Vast CLI For Host Teams,authored
com-da46939153,command,vastai metrics gpu-trends,account-read-only,Verify against current CLI help and a non-production authenticated account; confirm flags and output shape without mutation.,inventoried-not-executed,,host/host-teams.mdx,148,148,Vast CLI For Host Teams,authored
com-a779ffb6f3,command,vastai show earnings,account-read-only,Verify against current CLI help and a non-production authenticated account; confirm flags and output shape without mutation.,inventoried-not-executed,,host/host-teams.mdx,148,148,Vast CLI For Host Teams,authored
com-5ee0a63bd9,command,vastai show audit-logs,account-read-only,Verify against current CLI help and a non-production authenticated account; confirm flags and output shape without mutation.,inventoried-not-executed,,host/host-teams.mdx,149,149,Vast CLI For Host Teams,authored
com-4b947134f6,command,vastai set api-key <API_KEY>,credential-bearing,Verify only with redacted placeholders and an approved test credential; confirm no secret appears in logs or history.,static-syntax-passed-not-executed,pass: Parsed with bash -n after replacing angle-bracket placeholders; no command was executed.,host/how-to-self-test.mdx,29,29,Before You Run It,authored
com-78458123e4,command,sudo tail -f /var/lib/vastai_kaalia/self_test.log,privileged-host,"Verify on a disposable supported Ubuntu host; record OS version, command output, and expected postcondition.",static-syntax-passed-not-executed,pass: Parsed with bash -n after replacing angle-bracket placeholders; no command was executed.,host/how-to-self-test.mdx,115,115,Fresh Install Self-Test,authored
com-78458123e4,command,sudo tail -f /var/lib/vastai_kaalia/self_test.log,privileged-host,"Verify on a disposable supported Ubuntu host; record OS version, command output, and expected postcondition.",static-syntax-passed-not-executed,pass: Parsed with bash -n after replacing angle-bracket placeholders; no command was executed.,host/installing-host-software.mdx,142,142,After Install,authored
com-d2c5470675,command,"mkdir -p ~/vast-install
cd ~/vast-install
wget https://console.vast.ai/install -O install
read -rsp ""Paste fresh Vast host setup key: "" VAST_HOST_KEY
echo
sudo python3 ./install ""$VAST_HOST_KEY"" \
  --no-driver \
  --docker-partition /dev/mapper/vg1-lv--1 \
  --ports 40000 40799
unset VAST_HOST_KEY",credential-bearing,Verify only with redacted placeholders and an approved test credential; confirm no secret appears in logs or history.,static-syntax-passed-not-executed,pass: Parsed with bash -n after replacing angle-bracket placeholders; no command was executed.,host/installing-host-software.mdx,73,82,Headless Fallback,authored
com-2a23e0232e,command,"systemctl is-active vastai.service vast_metrics.service docker nvidia-persistenced.service
findmnt /var/lib/docker -no SOURCE,FSTYPE,OPTIONS
sudo xfs_quota -x -c ""state"" /var/lib/docker
sudo cat /var/lib/vastai_kaalia/host_port_range",privileged-host,"Verify on a disposable supported Ubuntu host; record OS version, command output, and expected postcondition.",static-syntax-passed-not-executed,pass: Parsed with bash -n after replacing angle-bracket placeholders; no command was executed.,host/installing-host-software.mdx,126,129,After Install,authored
com-db95034439,command,tcpdump,environment-dependent,Verify on the matching Linux/GPU/network environment and capture representative output or an error fixture.,inventoried-not-executed,,host/machine-errors.mdx,87,87,TCP Works But UDP Fails,authored
com-5f2dd22e09,command,"nvidia-smi -L
sudo docker run --rm --gpus all nvidia/cuda:12.2.0-base-ubuntu22.04 nvidia-smi -L
sudo journalctl -k -b --no-pager | grep -Ei 'NVRM|Xid|AER|PCIe|fallen'",destructive-or-mutating,Verify in a disposable/non-production environment with peer review and recorded before/after state.,static-syntax-passed-not-executed,pass: Parsed with bash -n after replacing angle-bracket placeholders; no command was executed.,host/machine-errors.mdx,99,101,NVIDIA Container Runtime,authored
com-1c801ac26f,command,"type docker
docker --version
docker create --help | grep -- --runtime
docker info | grep -i runtime",environment-dependent,Verify on the matching Linux/GPU/network environment and capture representative output or an error fixture.,static-syntax-passed-not-executed,pass: Parsed with bash -n after replacing angle-bracket placeholders; no command was executed.,host/machine-errors.mdx,130,133,Docker Runtime Configuration,authored
com-96afc5e240,command,"systemctl is-active docker
sudo journalctl -u docker -n 100 --no-pager
sudo docker ps",privileged-host,"Verify on a disposable supported Ubuntu host; record OS version, command output, and expected postcondition.",static-syntax-passed-not-executed,pass: Parsed with bash -n after replacing angle-bracket placeholders; no command was executed.,host/machine-errors.mdx,146,148,Docker Daemon Unavailable,authored
com-7500ddad88,command,"sudo journalctl -k -b --no-pager | grep -Ei 'AER|PCIe|NVRM|Xid|fallen'
sudo dmesg -T | grep -Ei 'AER|PCIe|NVRM|Xid|fallen'",privileged-host,"Verify on a disposable supported Ubuntu host; record OS version, command output, and expected postcondition.",static-syntax-passed-not-executed,pass: Parsed with bash -n after replacing angle-bracket placeholders; no command was executed.,host/machine-errors.mdx,161,162,GPU PCIe Issue,authored
com-0bf87a86d8,command,"lspci | grep -i nvidia
nvidia-smi -L
sudo journalctl -k -b --no-pager | grep -Ei 'NVRM|Xid|fallen|AER|PCIe'",privileged-host,"Verify on a disposable supported Ubuntu host; record OS version, command output, and expected postcondition.",static-syntax-passed-not-executed,pass: Parsed with bash -n after replacing angle-bracket placeholders; no command was executed.,host/machine-errors.mdx,182,184,GPU Missing Or Unhealthy,authored
com-456080e046,command,"nvidia-smi -q -d ECC
nvidia-smi -q | grep -iE 'Xid|Remapped|Pending'
sudo journalctl -k -b --no-pager | grep -i xid",privileged-host,"Verify on a disposable supported Ubuntu host; record OS version, command output, and expected postcondition.",static-syntax-passed-not-executed,pass: Parsed with bash -n after replacing angle-bracket placeholders; no command was executed.,host/machine-errors.mdx,197,199,ECC And GPU Memory Errors,authored
com-ad7d6b4e74,command,"systemctl status nvidia-fabricmanager
journalctl -u nvidia-fabricmanager --since ""-24h""
nvidia-smi -q | grep -i -A 2 Fabric
nvidia-smi topo -m",environment-dependent,Verify on the matching Linux/GPU/network environment and capture representative output or an error fixture.,static-syntax-passed-not-executed,pass: Parsed with bash -n after replacing angle-bracket placeholders; no command was executed.,host/machine-errors.mdx,221,224,NCCL Failed,authored
com-ad7d6b4e74,command,"systemctl status nvidia-fabricmanager
journalctl -u nvidia-fabricmanager --since ""-24h""
nvidia-smi -q | grep -i -A 2 Fabric
nvidia-smi topo -m",environment-dependent,Verify on the matching Linux/GPU/network environment and capture representative output or an error fixture.,static-syntax-passed-not-executed,pass: Parsed with bash -n after replacing angle-bracket placeholders; no command was executed.,host/self-test-reference.mdx,231,234,nccl_failed Deep Dive,generated-self-test
com-b328c66905,command,"df -h /var/lib/docker
sudo docker system df
findmnt /var/lib/docker -no SOURCE,FSTYPE,OPTIONS",privileged-host,"Verify on a disposable supported Ubuntu host; record OS version, command output, and expected postcondition.",static-syntax-passed-not-executed,pass: Parsed with bash -n after replacing angle-bracket placeholders; no command was executed.,host/machine-errors.mdx,246,248,Full Client Storage,authored
com-211f355106,command,nvidia-smi -L,environment-dependent,Verify on the matching Linux/GPU/network environment and capture representative output or an error fixture.,inventoried-not-executed,,host/machine-errors.mdx,328,328,What To Collect,authored
com-1a004d614a,command,"vastai show machines
vastai show machine <machine-id>",account-read-only,Verify against current CLI help and a non-production authenticated account; confirm flags and output shape without mutation.,static-syntax-passed-not-executed,pass: Parsed with bash -n after replacing angle-bracket placeholders; no command was executed.,host/maintenance-windows.mdx,23,24,Before Maintenance,authored
com-c1fb38fd20,command,vastai list machine <machine-id> --end_date MM/DD/YYYY,account-read-only,Verify against current CLI help and a non-production authenticated account; confirm flags and output shape without mutation.,static-syntax-passed-not-executed,pass: Parsed with bash -n after replacing angle-bracket placeholders; no command was executed.,host/maintenance-windows.mdx,37,37,Planned Maintenance,authored
com-edd32128a9,command,vastai list machines <machine-id-1> <machine-id-2> --end_date MM/DD/YYYY --retry 6,account-read-only,Verify against current CLI help and a non-production authenticated account; confirm flags and output shape without mutation.,static-syntax-passed-not-executed,pass: Parsed with bash -n after replacing angle-bracket placeholders; no command was executed.,host/maintenance-windows.mdx,43,43,Planned Maintenance,authored
com-880276d077,command,vastai unlist machine <machine-id>,destructive-or-mutating,Verify in a disposable/non-production environment with peer review and recorded before/after state.,static-syntax-passed-not-executed,pass: Parsed with bash -n after replacing angle-bracket placeholders; no command was executed.,host/maintenance-windows.mdx,49,49,Planned Maintenance,authored
com-cb1ad02722,command,vastai schedule maint <machine-id> --sdate <unix-start> --duration <hours> --maintenance_category software,destructive-or-mutating,Verify in a disposable/non-production environment with peer review and recorded before/after state.,static-syntax-passed-not-executed,pass: Parsed with bash -n after replacing angle-bracket placeholders; no command was executed.,host/maintenance-windows.mdx,64,64,Schedule An Unplanned Window,authored
com-0d1d9ce01e,command,vastai schedule maint 8207 --sdate 1782950400 --duration 2 --maintenance_category power,destructive-or-mutating,Verify in a disposable/non-production environment with peer review and recorded before/after state.,static-syntax-passed-not-executed,pass: Parsed with bash -n after replacing angle-bracket placeholders; no command was executed.,host/maintenance-windows.mdx,70,70,Schedule An Unplanned Window,authored
com-077d9becdf,command,"vastai show maints --ids <machine-id>
vastai show maints --ids <machine-id-1>,<machine-id-2>",account-read-only,Verify against current CLI help and a non-production authenticated account; confirm flags and output shape without mutation.,static-syntax-passed-not-executed,pass: Parsed with bash -n after replacing angle-bracket placeholders; no command was executed.,host/maintenance-windows.mdx,85,86,Check Or Cancel Maintenance,authored
com-10a9556388,command,vastai cancel maint <machine-id>,destructive-or-mutating,Verify in a disposable/non-production environment with peer review and recorded before/after state.,static-syntax-passed-not-executed,pass: Parsed with bash -n after replacing angle-bracket placeholders; no command was executed.,host/maintenance-windows.mdx,92,92,Check Or Cancel Maintenance,authored
com-2ba8c55d18,command,vastai metrics ...,account-read-only,Verify against current CLI help and a non-production authenticated account; confirm flags and output shape without mutation.,inventoried-not-executed,,host/market-metrics.mdx,21,21,Access,authored
com-1f3b02c8d7,command,pip install --upgrade vastai,local-safe,Verify command availability/help and static syntax locally; use placeholders and do not supply production credentials.,static-syntax-passed-not-executed,pass: Parsed with bash -n after replacing angle-bracket placeholders; no command was executed.,host/market-metrics.mdx,72,72,CLI,authored
com-db9acb426d,command,"vastai metrics gpu
vastai metrics gpu --verified true --datacenter true
vastai metrics gpu --raw",account-read-only,Verify against current CLI help and a non-production authenticated account; confirm flags and output shape without mutation.,static-syntax-passed-not-executed,pass: Parsed with bash -n after replacing angle-bracket placeholders; no command was executed.,host/market-metrics.mdx,78,80,CLI,authored
com-5f305e9e73,command,"vastai metrics gpu-trends
vastai metrics gpu-trends ""RTX 4090""
vastai metrics gpu-trends ""RTX 4090, H100_SXM""
vastai metrics gpu-trends all
vastai metrics gpu-trends ""RTX 4090"" --full
vastai metrics gpu-trends ""RTX 4090"" --raw
vastai metrics gpu-trends ""RTX 4090"" --start 1773298800 --end 1773817200 --step 3600",account-read-only,Verify against current CLI help and a non-production authenticated account; confirm flags and output shape without mutation.,static-syntax-passed-not-executed,pass: Parsed with bash -n after replacing angle-bracket placeholders; no command was executed.,host/market-metrics.mdx,86,92,CLI,authored
com-2c9483179e,command,"vastai metrics gpu-locations
vastai metrics gpu-locations --verified true --datacenter true
vastai metrics gpu-locations --gpu ""RTX 4090, H100_SXM""
vastai metrics gpu-locations --rented false
vastai metrics gpu-locations --raw",account-read-only,Verify against current CLI help and a non-production authenticated account; confirm flags and output shape without mutation.,static-syntax-passed-not-executed,pass: Parsed with bash -n after replacing angle-bracket placeholders; no command was executed.,host/market-metrics.mdx,98,102,CLI,authored
com-7ddc8db053,command,"curl -H ""Authorization: Bearer $API_KEY"" \
  ""https://console.vast.ai/api/v0/metrics/gpu/current/?verified=yes&hosting_type=secure_cloud""",credential-bearing,Verify only with redacted placeholders and an approved test credential; confirm no secret appears in logs or history.,static-syntax-passed-not-executed,pass: Parsed with bash -n after replacing angle-bracket placeholders; no command was executed.,host/market-metrics.mdx,138,139,API,authored
com-c3fe8ff9b0,command,"sudo python3 ./install ""$VAST_HOST_KEY"" --ports 40000 40799",privileged-host,"Verify on a disposable supported Ubuntu host; record OS version, command output, and expected postcondition.",static-syntax-passed-not-executed,pass: Parsed with bash -n after replacing angle-bracket placeholders; no command was executed.,host/network-ports.mdx,40,40,Set The Host Port Range,authored
com-460064e69e,command,"sudo python3 -m http.server 40000 --bind 0.0.0.0
sudo ss -ltnp | grep ':40000'",privileged-host,"Verify on a disposable supported Ubuntu host; record OS version, command output, and expected postcondition.",static-syntax-passed-not-executed,pass: Parsed with bash -n after replacing angle-bracket placeholders; no command was executed.,host/network-ports.mdx,68,69,Test Ports From Outside The LAN,authored
com-cd4353a94b,command,"curl -v http://PUBLIC_IP:40000/
nc -vz PUBLIC_IP 40000",local-safe,Verify command availability/help and static syntax locally; use placeholders and do not supply production credentials.,static-syntax-passed-not-executed,pass: Parsed with bash -n after replacing angle-bracket placeholders; no command was executed.,host/network-ports.mdx,75,76,Test Ports From Outside The LAN,authored
com-f276fd75ae,command,"Test-NetConnection PUBLIC_IP -Port 40000
curl.exe http://PUBLIC_IP:40000/",environment-dependent,Verify on the matching Linux/GPU/network environment and capture representative output or an error fixture.,inventoried-not-executed,,host/network-ports.mdx,82,83,Test Ports From Outside The LAN,authored
com-c1f4adc29f,command,sudo tcpdump -ni any udp port 40000,privileged-host,"Verify on a disposable supported Ubuntu host; record OS version, command output, and expected postcondition.",static-syntax-passed-not-executed,pass: Parsed with bash -n after replacing angle-bracket placeholders; no command was executed.,host/network-ports.mdx,91,91,Test Ports From Outside The LAN,authored
com-669b302c76,command,printf 'vast-port-test\n' | nc -u -w2 PUBLIC_IP 40000,local-safe,Verify command availability/help and static syntax locally; use placeholders and do not supply production credentials.,static-syntax-passed-not-executed,pass: Parsed with bash -n after replacing angle-bracket placeholders; no command was executed.,host/network-ports.mdx,97,97,Test Ports From Outside The LAN,authored
com-b28013866b,command,"$udp = New-Object System.Net.Sockets.UdpClient
$bytes = [Text.Encoding]::ASCII.GetBytes(""vast-port-test"")
$udp.Send($bytes, $bytes.Length, ""PUBLIC_IP"", 40000)
$udp.Close()",local-safe,Verify command availability/help and static syntax locally; use placeholders and do not supply production credentials.,inventoried-not-executed,,host/network-ports.mdx,103,106,Test Ports From Outside The LAN,authored
com-476b417e9c,command,vastai show user,account-read-only,Verify against current CLI help and a non-production authenticated account; confirm flags and output shape without mutation.,static-syntax-passed-not-executed,pass: Parsed with bash -n after replacing angle-bracket placeholders; no command was executed.,host/not-in-search.mdx,29,29,Check the machine directly,authored
com-4035a70860,command,vastai search offers 'machine_id=<machine_id>' --limit 200,account-read-only,Verify against current CLI help and a non-production authenticated account; confirm flags and output shape without mutation.,static-syntax-passed-not-executed,pass: Parsed with bash -n after replacing angle-bracket placeholders; no command was executed.,host/not-in-search.mdx,35,35,Check the machine directly,authored
com-4c0b44cb3d,command,vastai search offers -n 'machine_id=<machine_id>' --limit 200,account-read-only,Verify against current CLI help and a non-production authenticated account; confirm flags and output shape without mutation.,static-syntax-passed-not-executed,pass: Parsed with bash -n after replacing angle-bracket placeholders; no command was executed.,host/not-in-search.mdx,41,41,Check the machine directly,authored
com-18499929d1,command,vastai search offers 'machine_id=<machine_id> rentable=any rented=any verified=any external=any' --limit 200,account-read-only,Verify against current CLI help and a non-production authenticated account; confirm flags and output shape without mutation.,static-syntax-passed-not-executed,pass: Parsed with bash -n after replacing angle-bracket placeholders; no command was executed.,host/not-in-search.mdx,47,47,Check the machine directly,authored
com-2d9a5a9719,command,vastai search offers 'gpu_name=RTX_4090 cpu_ram>257 cpu_ram<258',account-read-only,Verify against current CLI help and a non-production authenticated account; confirm flags and output shape without mutation.,static-syntax-passed-not-executed,pass: Parsed with bash -n after replacing angle-bracket placeholders; no command was executed.,host/not-in-search.mdx,57,57,Comparing your ranking,authored
com-7fa3c4e802,command,"--price_gpu 0.45 \
  --price_min_bid 0.25 \
  --discount_rate 0.30 \
  --min_chunk 1 \
  --end_date 12/31/2026",local-safe,Verify command availability/help and static syntax locally; use placeholders and do not supply production credentials.,static-syntax-passed-not-executed,pass: Parsed with bash -n after replacing angle-bracket placeholders; no command was executed.,host/pricing-your-listing.mdx,70,74,Example,authored
com-28abf8b7db,command,vastai self-test machine <machine>,paid-live,"Use an approved test machine/account and budget; record CLI SHA, image digest, machine, instance, cost, and result.",inventoried-not-executed,,host/self-test-reference.mdx,22,22,Introduction,generated-self-test
com-9a996bbff5,command,vastai dump-logs <machine>,local-safe,Verify command availability/help and static syntax locally; use placeholders and do not supply production credentials.,inventoried-not-executed,,host/self-test-reference.mdx,244,244,Diagnostic Bundles,generated-self-test
com-476ff797ac,command,vastai dump-logs <machine> --include-local-host-artifacts,local-safe,Verify command availability/help and static syntax locally; use placeholders and do not supply production credentials.,inventoried-not-executed,,host/self-test-reference.mdx,245,245,Diagnostic Bundles,generated-self-test
com-5f6cbd64ae,command,dmesg,environment-dependent,Verify on the matching Linux/GPU/network environment and capture representative output or an error fixture.,inventoried-not-executed,,host/self-test-reference.mdx,250,250,Diagnostic Bundles,generated-self-test
com-f57c6df68d,command,journalctl,environment-dependent,Verify on the matching Linux/GPU/network environment and capture representative output or an error fixture.,inventoried-not-executed,,host/self-test-reference.mdx,250,250,Diagnostic Bundles,generated-self-test
com-3a2193d968,command,"lsblk -f
findmnt /
findmnt /data0 || true
findmnt /var/lib/docker || true
df -h /",privileged-host,"Verify on a disposable supported Ubuntu host; record OS version, command output, and expected postcondition.",static-syntax-passed-not-executed,pass: Parsed with bash -n after replacing angle-bracket placeholders; no command was executed.,host/storage-setup.mdx,32,36,Docker Storage Layout,authored
com-69b4f38623,command,sudo cp /etc/fstab /etc/fstab.pre-vast-docker.$(date -u +%Y%m%d%H%M%S),privileged-host,"Verify on a disposable supported Ubuntu host; record OS version, command output, and expected postcondition.",static-syntax-passed-not-executed,pass: Parsed with bash -n after replacing angle-bracket placeholders; no command was executed.,host/storage-setup.mdx,42,42,Docker Storage Layout,authored
com-4a0c0f98d3,command,"sudo mount -a
findmnt /var/lib/docker -no SOURCE,FSTYPE,OPTIONS
sudo xfs_quota -x -c ""state"" /var/lib/docker",privileged-host,"Verify on a disposable supported Ubuntu host; record OS version, command output, and expected postcondition.",static-syntax-passed-not-executed,pass: Parsed with bash -n after replacing angle-bracket placeholders; no command was executed.,host/storage-setup.mdx,59,61,XFS Project Quotas,authored
com-4a0c0f98d3,command,"sudo mount -a
findmnt /var/lib/docker -no SOURCE,FSTYPE,OPTIONS
sudo xfs_quota -x -c ""state"" /var/lib/docker",privileged-host,"Verify on a disposable supported Ubuntu host; record OS version, command output, and expected postcondition.",static-syntax-passed-not-executed,pass: Parsed with bash -n after replacing angle-bracket placeholders; no command was executed.,host/storage-setup.mdx,88,90,Disposable Device Example,authored
com-4a0c0f98d3,command,"sudo mount -a
findmnt /var/lib/docker -no SOURCE,FSTYPE,OPTIONS
sudo xfs_quota -x -c ""state"" /var/lib/docker",privileged-host,"Verify on a disposable supported Ubuntu host; record OS version, command output, and expected postcondition.",static-syntax-passed-not-executed,pass: Parsed with bash -n after replacing angle-bracket placeholders; no command was executed.,host/storage-setup.mdx,107,109,Example fstab Line,authored
com-c713443f59,command,"export VAST_DOCKER_DEVICE=/dev/mapper/vg1-lv--1
lsblk -f ""$VAST_DOCKER_DEVICE""
findmnt -S ""$VAST_DOCKER_DEVICE"" || true
if findmnt -S ""$VAST_DOCKER_DEVICE"" >/dev/null; then
  sudo umount ""$VAST_DOCKER_DEVICE""
fi
sudo mkfs.xfs -f ""$VAST_DOCKER_DEVICE""
sudo mkdir -p /var/lib/docker
sudo blkid ""$VAST_DOCKER_DEVICE""",destructive-or-mutating,Verify in a disposable/non-production environment with peer review and recorded before/after state.,static-syntax-passed-not-executed,pass: Parsed with bash -n after replacing angle-bracket placeholders; no command was executed.,host/storage-setup.mdx,74,82,Disposable Device Example,authored
com-e9e5f3e438,command,"sudo python3 ./install ""$VAST_HOST_KEY"" \
  --no-driver \
  --docker-partition /dev/mapper/vg1-lv--1 \
  --ports 40000 40799",privileged-host,"Verify on a disposable supported Ubuntu host; record OS version, command output, and expected postcondition.",static-syntax-passed-not-executed,pass: Parsed with bash -n after replacing angle-bracket placeholders; no command was executed.,host/storage-setup.mdx,135,138,Installer Connection,authored
com-302ca0fd12,command,python3 /var/lib/vastai_kaalia/enable_vms.py check,privileged-host,"Verify on a disposable supported Ubuntu host; record OS version, command output, and expected postcondition.",static-syntax-passed-not-executed,pass: Parsed with bash -n after replacing angle-bracket placeholders; no command was executed.,host/vms.mdx,40,40,Check VM Status,authored
com-2fd0739dc0,command,python3 /var/lib/vastai_kaalia/enable_vms.py off,privileged-host,"Verify on a disposable supported Ubuntu host; record OS version, command output, and expected postcondition.",static-syntax-passed-not-executed,pass: Parsed with bash -n after replacing angle-bracket placeholders; no command was executed.,host/vms.mdx,54,54,Disable VM Support,authored
com-81ab748278,command,"sudo update-grub
sudo reboot",destructive-or-mutating,Verify in a disposable/non-production environment with peer review and recorded before/after state.,static-syntax-passed-not-executed,pass: Parsed with bash -n after replacing angle-bracket placeholders; no command was executed.,host/vms.mdx,84,85,Kernel Options,authored
com-26894c03c2,command,sudo python3 /var/lib/vastai_kaalia/enable_vms.py on -f,privileged-host,"Verify on a disposable supported Ubuntu host; record OS version, command output, and expected postcondition.",static-syntax-passed-not-executed,pass: Parsed with bash -n after replacing angle-bracket placeholders; no command was executed.,host/vms.mdx,97,97,Retry Enablement,authored
com-339f383601,command,vastai reports <machine_id>,local-safe,Verify command availability/help and static syntax locally; use placeholders and do not supply production credentials.,inventoried-not-executed,,host/workload-policy.mdx,53,53,Renter Reports And Host Logs,authored
com-b29f78b7c0,command,vastai logs <instance_id> --daemon-logs,local-safe,Verify command availability/help and static syntax locally; use placeholders and do not supply production credentials.,inventoried-not-executed,,host/workload-policy.mdx,54,54,Renter Reports And Host Logs,authored
com-c7eadc7ae0,command,vastai cancel maint id,destructive-or-mutating,Verify in a disposable/non-production environment with peer review and recorded before/after state.,static-syntax-passed-not-executed,pass: Parsed with bash -n after replacing angle-bracket placeholders; no command was executed.,snippets/host/cli/cancel-maint.mdx,8,8,Usage,generated-cli-sdk
com-906bb6c665,command,vastai cancel maint <ID>,destructive-or-mutating,Verify in a disposable/non-production environment with peer review and recorded before/after state.,static-syntax-passed-not-executed,pass: Parsed with bash -n after replacing angle-bracket placeholders; no command was executed.,snippets/host/cli/cancel-maint.mdx,25,25,Examples,generated-cli-sdk
com-fe5924a5f3,command,vastai cleanup machine ID [options],destructive-or-mutating,Verify in a disposable/non-production environment with peer review and recorded before/after state.,static-syntax-passed-not-executed,pass: Parsed with bash -n after replacing angle-bracket placeholders; no command was executed.,snippets/host/cli/cleanup-machine.mdx,8,8,Usage,generated-cli-sdk
com-94661561d0,command,vastai cleanup machine <ID>,destructive-or-mutating,Verify in a disposable/non-production environment with peer review and recorded before/after state.,static-syntax-passed-not-executed,pass: Parsed with bash -n after replacing angle-bracket placeholders; no command was executed.,snippets/host/cli/cleanup-machine.mdx,27,27,Examples,generated-cli-sdk
com-cda258d229,command,vastai defrag machines IDs,destructive-or-mutating,Verify in a disposable/non-production environment with peer review and recorded before/after state.,static-syntax-passed-not-executed,pass: Parsed with bash -n after replacing angle-bracket placeholders; no command was executed.,snippets/host/cli/defrag-machines.mdx,8,8,Usage,generated-cli-sdk
com-fa7beb8c63,command,vastai defrag machines <IDS>,destructive-or-mutating,Verify in a disposable/non-production environment with peer review and recorded before/after state.,static-syntax-passed-not-executed,pass: Parsed with bash -n after replacing angle-bracket placeholders; no command was executed.,snippets/host/cli/defrag-machines.mdx,24,24,Examples,generated-cli-sdk
com-80bb5e89a4,command,vastai delete machine <id>,destructive-or-mutating,Verify in a disposable/non-production environment with peer review and recorded before/after state.,static-syntax-passed-not-executed,pass: Parsed with bash -n after replacing angle-bracket placeholders; no command was executed.,snippets/host/cli/delete-machine.mdx,8,8,Usage,generated-cli-sdk
com-80bb5e89a4,command,vastai delete machine <id>,destructive-or-mutating,Verify in a disposable/non-production environment with peer review and recorded before/after state.,static-syntax-passed-not-executed,pass: Parsed with bash -n after replacing angle-bracket placeholders; no command was executed.,snippets/host/cli/delete-machine.mdx,20,20,Examples,generated-cli-sdk
com-3b1d278a74,command,vastai list machine ID [options],account-read-only,Verify against current CLI help and a non-production authenticated account; confirm flags and output shape without mutation.,static-syntax-passed-not-executed,pass: Parsed with bash -n after replacing angle-bracket placeholders; no command was executed.,snippets/host/cli/list-machine.mdx,8,8,Usage,generated-cli-sdk
com-b59ff31d0d,command,vastai list machine <ID>,account-read-only,Verify against current CLI help and a non-production authenticated account; confirm flags and output shape without mutation.,static-syntax-passed-not-executed,pass: Parsed with bash -n after replacing angle-bracket placeholders; no command was executed.,snippets/host/cli/list-machine.mdx,74,74,Examples,generated-cli-sdk
com-1caa1ab129,command,vastai list machines IDs [options],account-read-only,Verify against current CLI help and a non-production authenticated account; confirm flags and output shape without mutation.,static-syntax-passed-not-executed,pass: Parsed with bash -n after replacing angle-bracket placeholders; no command was executed.,snippets/host/cli/list-machines.mdx,8,8,Usage,generated-cli-sdk
com-e1a6a291da,command,vastai list machines <IDS>,account-read-only,Verify against current CLI help and a non-production authenticated account; confirm flags and output shape without mutation.,static-syntax-passed-not-executed,pass: Parsed with bash -n after replacing angle-bracket placeholders; no command was executed.,snippets/host/cli/list-machines.mdx,72,72,Examples,generated-cli-sdk
com-959c26a382,command,vastai metrics gpu-locations [OPTIONS],account-read-only,Verify against current CLI help and a non-production authenticated account; confirm flags and output shape without mutation.,static-syntax-passed-not-executed,pass: Parsed with bash -n after replacing angle-bracket placeholders; no command was executed.,snippets/host/cli/metrics-gpu-locations.mdx,8,8,Usage,generated-cli-sdk
com-564f95e17d,command,"# All locations, unfiltered
vastai metrics gpu-locations

# Datacenter-verified only
vastai metrics gpu-locations --verified true --datacenter true

# Specific GPU types
vastai metrics gpu-locations --gpu ""RTX 4090, H100_SXM""

# Only unrented GPUs
vastai metrics gpu-locations --rented false

# JSON output
vastai metrics gpu-locations --raw",account-read-only,Verify against current CLI help and a non-production authenticated account; confirm flags and output shape without mutation.,static-syntax-passed-not-executed,pass: Parsed with bash -n after replacing angle-bracket placeholders; no command was executed.,snippets/host/cli/metrics-gpu-locations.mdx,36,49,Examples,generated-cli-sdk
com-922c8d0c34,command,vastai metrics gpu-trends [GPU_NAMES] [OPTIONS],account-read-only,Verify against current CLI help and a non-production authenticated account; confirm flags and output shape without mutation.,static-syntax-passed-not-executed,pass: Parsed with bash -n after replacing angle-bracket placeholders; no command was executed.,snippets/host/cli/metrics-gpu-trends.mdx,8,8,Usage,generated-cli-sdk
com-0695cef773,command,"# Defaults (RTX 5090, 4090, 3090 over last 24h)
vastai metrics gpu-trends

# Single GPU
vastai metrics gpu-trends ""RTX 4090""

# Multiple GPUs
vastai metrics gpu-trends ""RTX 4090, H100_SXM""

# All GPU types
vastai metrics gpu-trends all

# All data points (not sampled)
vastai metrics gpu-trends ""RTX 4090"" --full

# JSON output
vastai metrics gpu-trends ""RTX 4090"" --raw

# Verified datacenter GPUs only
vastai metrics gpu-trends all --verified true --datacenter true

# Custom time range with hourly resolution
vastai metrics gpu-trends ""RTX 4090"" --start 1773298800 --end 1773817200 --step 3600",account-read-only,Verify against current CLI help and a non-production authenticated account; confirm flags and output shape without mutation.,static-syntax-passed-not-executed,pass: Parsed with bash -n after replacing angle-bracket placeholders; no command was executed.,snippets/host/cli/metrics-gpu-trends.mdx,50,72,Examples,generated-cli-sdk
com-cb1f2ba2f9,command,vastai metrics gpu [OPTIONS],account-read-only,Verify against current CLI help and a non-production authenticated account; confirm flags and output shape without mutation.,static-syntax-passed-not-executed,pass: Parsed with bash -n after replacing angle-bracket placeholders; no command was executed.,snippets/host/cli/metrics-gpu.mdx,8,8,Usage,generated-cli-sdk
com-c0d4c53847,command,"# All GPU types
vastai metrics gpu

# Verified datacenter GPUs only
vastai metrics gpu --verified true --datacenter true

# JSON output
vastai metrics gpu --raw",account-read-only,Verify against current CLI help and a non-production authenticated account; confirm flags and output shape without mutation.,static-syntax-passed-not-executed,pass: Parsed with bash -n after replacing angle-bracket placeholders; no command was executed.,snippets/host/cli/metrics-gpu.mdx,28,35,Examples,generated-cli-sdk
com-148173aec1,command,vastai remove defjob id,destructive-or-mutating,Verify in a disposable/non-production environment with peer review and recorded before/after state.,static-syntax-passed-not-executed,pass: Parsed with bash -n after replacing angle-bracket placeholders; no command was executed.,snippets/host/cli/remove-defjob.mdx,8,8,Usage,generated-cli-sdk
com-6623cfe956,command,vastai remove defjob <ID>,destructive-or-mutating,Verify in a disposable/non-production environment with peer review and recorded before/after state.,static-syntax-passed-not-executed,pass: Parsed with bash -n after replacing angle-bracket placeholders; no command was executed.,snippets/host/cli/remove-defjob.mdx,20,20,Examples,generated-cli-sdk
com-ceaec1510d,command,vastai schedule maint id [--sdate START_DATE --duration DURATION --maintenance_category MAINTENANCE_CATEGORY],destructive-or-mutating,Verify in a disposable/non-production environment with peer review and recorded before/after state.,static-syntax-passed-not-executed,pass: Parsed with bash -n after replacing angle-bracket placeholders; no command was executed.,snippets/host/cli/schedule-maint.mdx,8,8,Usage,generated-cli-sdk
com-a62a91b0a1,command,vastai schedule maint <ID>,destructive-or-mutating,Verify in a disposable/non-production environment with peer review and recorded before/after state.,static-syntax-passed-not-executed,pass: Parsed with bash -n after replacing angle-bracket placeholders; no command was executed.,snippets/host/cli/schedule-maint.mdx,42,42,Examples,generated-cli-sdk
com-e34b829a15,command,vastai self-test machine <machine_id> [--debugging] [--ignore-requirements] [--test-image IMAGE] [--support-bundle-dir DIR] [--no-support-bundle],paid-live,"Use an approved test machine/account and budget; record CLI SHA, image digest, machine, instance, cost, and result.",static-syntax-passed-not-executed,pass: Parsed with bash -n after replacing angle-bracket placeholders; no command was executed.,snippets/host/cli/self-test-machine.mdx,8,8,Usage,generated-cli-sdk
com-7034253efd,command,"vastai self-test machine 12345
vastai self-test machine 12345 --debugging
vastai self-test machine 12345 --support-bundle-dir /tmp/vast-bundles",paid-live,"Use an approved test machine/account and budget; record CLI SHA, image digest, machine, instance, cost, and result.",static-syntax-passed-not-executed,pass: Parsed with bash -n after replacing angle-bracket placeholders; no command was executed.,snippets/host/cli/self-test-machine.mdx,49,51,Examples,generated-cli-sdk
com-54a4541c21,command,vastai set defjob id [--api-key API_KEY] [--price_gpu PRICE_GPU] [--price_inetu PRICE_INETU] [--price_inetd PRICE_INETD] [--image IMAGE] [--args ...],destructive-or-mutating,Verify in a disposable/non-production environment with peer review and recorded before/after state.,static-syntax-passed-not-executed,pass: Parsed with bash -n after replacing angle-bracket placeholders; no command was executed.,snippets/host/cli/set-defjob.mdx,8,8,Usage,generated-cli-sdk
com-15c4681bf7,command,vastai set defjob <ID>,destructive-or-mutating,Verify in a disposable/non-production environment with peer review and recorded before/after state.,static-syntax-passed-not-executed,pass: Parsed with bash -n after replacing angle-bracket placeholders; no command was executed.,snippets/host/cli/set-defjob.mdx,46,46,Examples,generated-cli-sdk
com-b68b38012a,command,vastai set min-bid id [--price PRICE],destructive-or-mutating,Verify in a disposable/non-production environment with peer review and recorded before/after state.,static-syntax-passed-not-executed,pass: Parsed with bash -n after replacing angle-bracket placeholders; no command was executed.,snippets/host/cli/set-min-bid.mdx,8,8,Usage,generated-cli-sdk
com-bf611d88d5,command,vastai set min-bid <ID>,destructive-or-mutating,Verify in a disposable/non-production environment with peer review and recorded before/after state.,static-syntax-passed-not-executed,pass: Parsed with bash -n after replacing angle-bracket placeholders; no command was executed.,snippets/host/cli/set-min-bid.mdx,30,30,Examples,generated-cli-sdk
com-463d58beb6,command,vastai show machine ID [OPTIONS],account-read-only,Verify against current CLI help and a non-production authenticated account; confirm flags and output shape without mutation.,static-syntax-passed-not-executed,pass: Parsed with bash -n after replacing angle-bracket placeholders; no command was executed.,snippets/host/cli/show-machine.mdx,8,8,Usage,generated-cli-sdk
com-52d1c59cb1,command,vastai show machine <MACHINE>,account-read-only,Verify against current CLI help and a non-production authenticated account; confirm flags and output shape without mutation.,static-syntax-passed-not-executed,pass: Parsed with bash -n after replacing angle-bracket placeholders; no command was executed.,snippets/host/cli/show-machine.mdx,26,26,Examples,generated-cli-sdk
com-9ebc284ef6,command,vastai show machines [OPTIONS],account-read-only,Verify against current CLI help and a non-production authenticated account; confirm flags and output shape without mutation.,static-syntax-passed-not-executed,pass: Parsed with bash -n after replacing angle-bracket placeholders; no command was executed.,snippets/host/cli/show-machines.mdx,8,8,Usage,generated-cli-sdk
com-b9c60c545c,command,"vastai show maints --ids 'machine_id_1' [OPTIONS]
vastai show maints --ids 'machine_id_1,machine_id_2' [OPTIONS]",account-read-only,Verify against current CLI help and a non-production authenticated account; confirm flags and output shape without mutation.,static-syntax-passed-not-executed,pass: Parsed with bash -n after replacing angle-bracket placeholders; no command was executed.,snippets/host/cli/show-maints.mdx,8,9,Usage,generated-cli-sdk
com-95fc5d8935,command,vastai show maints --ids <ID>,account-read-only,Verify against current CLI help and a non-production authenticated account; confirm flags and output shape without mutation.,static-syntax-passed-not-executed,pass: Parsed with bash -n after replacing angle-bracket placeholders; no command was executed.,snippets/host/cli/show-maints.mdx,25,25,Examples,generated-cli-sdk
com-5f95d8e649,command,vastai unlist machine <id>,destructive-or-mutating,Verify in a disposable/non-production environment with peer review and recorded before/after state.,static-syntax-passed-not-executed,pass: Parsed with bash -n after replacing angle-bracket placeholders; no command was executed.,snippets/host/cli/unlist-machine.mdx,8,8,Usage,generated-cli-sdk
com-5f95d8e649,command,vastai unlist machine <id>,destructive-or-mutating,Verify in a disposable/non-production environment with peer review and recorded before/after state.,static-syntax-passed-not-executed,pass: Parsed with bash -n after replacing angle-bracket placeholders; no command was executed.,snippets/host/cli/unlist-machine.mdx,20,20,Examples,generated-cli-sdk
err-e9bc6219cb,error,"Machines page shows a red error, vericode=8, or a host-facing runtime message",source-or-fixture,"Match the literal string/category to CLI, daemon, backend, or console source and retain a redacted captured fixture.",source-confirmation-required,,host/common-errors-diagnostics.mdx,19,19,Where To Start,authored
err-053c3adaf4,error,Self-test failed and you need a support bundle,source-or-fixture,"Match the literal string/category to CLI, daemon, backend, or console source and retain a redacted captured fixture.",source-confirmation-required,,host/common-errors-diagnostics.mdx,20,20,Where To Start,authored
err-c106b6a15e,error,bad bandwidthtest2,source-or-fixture,"Match the literal string/category to CLI, daemon, backend, or console source and retain a redacted captured fixture.",source-confirmation-required,,host/common-errors-diagnostics.mdx,118,118,GPU And Kernel Diagnostics,authored
err-c106b6a15e,error,bad bandwidthtest2,source-or-fixture,"Match the literal string/category to CLI, daemon, backend, or console source and retain a redacted captured fixture.",source-confirmation-required,,host/common-errors-diagnostics.mdx,180,180,Machine Error Lookup,authored
err-c106b6a15e,error,bad bandwidthtest2,source-or-fixture,"Match the literal string/category to CLI, daemon, backend, or console source and retain a redacted captured fixture.",source-confirmation-required,,host/machine-errors.mdx,52,52,Quick Lookup,authored
err-c106b6a15e,error,bad bandwidthtest2,source-or-fixture,"Match the literal string/category to CLI, daemon, backend, or console source and retain a redacted captured fixture.",source-confirmation-required,,host/machine-errors.mdx,168,168,bad bandwidthtest2,authored
err-c106b6a15e,error,bad bandwidthtest2,source-or-fixture,"Match the literal string/category to CLI, daemon, backend, or console source and retain a redacted captured fixture.",source-confirmation-required,,host/machine-errors.mdx,170,170,bad bandwidthtest2,authored
err-fd4f445cb4,error,"Red machine error, unhealthy, or de-verified machine",source-or-fixture,"Match the literal string/category to CLI, daemon, backend, or console source and retain a redacted captured fixture.",source-confirmation-required,,host/common-errors-diagnostics.mdx,175,175,Machine Error Lookup,authored
err-9d1d31c6fc,error,Port issue,source-or-fixture,"Match the literal string/category to CLI, daemon, backend, or console source and retain a redacted captured fixture.",source-confirmation-required,,host/common-errors-diagnostics.mdx,176,176,Machine Error Lookup,authored
err-9d1d31c6fc,error,Port issue,source-or-fixture,"Match the literal string/category to CLI, daemon, backend, or console source and retain a redacted captured fixture.",source-confirmation-required,,host/machine-errors.mdx,43,43,Quick Lookup,authored
err-9d1d31c6fc,error,Port issue,source-or-fixture,"Match the literal string/category to CLI, daemon, backend, or console source and retain a redacted captured fixture.",source-confirmation-required,,host/machine-errors.mdx,68,68,Port Networking Issues,authored
err-9d1d31c6fc,error,Port issue,source-or-fixture,"Match the literal string/category to CLI, daemon, backend, or console source and retain a redacted captured fixture.",source-confirmation-required,,host/self-test-reference.mdx,167,167,vericode=8 And Port Networking Issues,generated-self-test
err-9ddd1ac496,error,Port issue or Port Networking Issues,source-or-fixture,"Match the literal string/category to CLI, daemon, backend, or console source and retain a redacted captured fixture.",source-confirmation-required,,host/common-errors-diagnostics.mdx,176,176,Machine Error Lookup,authored
err-07970df6cd,error,Port Networking Issues,source-or-fixture,"Match the literal string/category to CLI, daemon, backend, or console source and retain a redacted captured fixture.",source-confirmation-required,,host/common-errors-diagnostics.mdx,176,176,Machine Error Lookup,authored
err-07970df6cd,error,Port Networking Issues,source-or-fixture,"Match the literal string/category to CLI, daemon, backend, or console source and retain a redacted captured fixture.",source-confirmation-required,,host/glossary.mdx,109,109,vericode,authored
err-07970df6cd,error,Port Networking Issues,source-or-fixture,"Match the literal string/category to CLI, daemon, backend, or console source and retain a redacted captured fixture.",source-confirmation-required,,host/glossary.mdx,111,111,vericode,authored
err-07970df6cd,error,Port Networking Issues,source-or-fixture,"Match the literal string/category to CLI, daemon, backend, or console source and retain a redacted captured fixture.",source-confirmation-required,,host/machine-errors.mdx,43,43,Quick Lookup,authored
err-07970df6cd,error,Port Networking Issues,source-or-fixture,"Match the literal string/category to CLI, daemon, backend, or console source and retain a redacted captured fixture.",source-confirmation-required,,host/machine-errors.mdx,68,68,Port Networking Issues,authored
err-07970df6cd,error,Port Networking Issues,source-or-fixture,"Match the literal string/category to CLI, daemon, backend, or console source and retain a redacted captured fixture.",source-confirmation-required,,host/network-ports.mdx,115,115,Connectivity Failures,authored
err-07970df6cd,error,Port Networking Issues,source-or-fixture,"Match the literal string/category to CLI, daemon, backend, or console source and retain a redacted captured fixture.",source-confirmation-required,,host/self-test-reference.mdx,167,167,vericode=8 And Port Networking Issues,generated-self-test
err-b7f875d62a,error,"GPU PCIE issue, AER, PCIe, Xid 79, or fallen off bus",source-or-fixture,"Match the literal string/category to CLI, daemon, backend, or console source and retain a redacted captured fixture.",source-confirmation-required,,host/common-errors-diagnostics.mdx,178,178,Machine Error Lookup,authored
err-295a016709,error,failed to inject CDI devices,source-or-fixture,"Match the literal string/category to CLI, daemon, backend, or console source and retain a redacted captured fixture.",source-confirmation-required,,host/common-errors-diagnostics.mdx,179,179,Machine Error Lookup,authored
err-179cfc5093,error,failed to inject CDI devices or unresolvable CDI devices,source-or-fixture,"Match the literal string/category to CLI, daemon, backend, or console source and retain a redacted captured fixture.",source-confirmation-required,,host/common-errors-diagnostics.mdx,179,179,Machine Error Lookup,authored
err-2dfc0c5371,error,unresolvable CDI devices,source-or-fixture,"Match the literal string/category to CLI, daemon, backend, or console source and retain a redacted captured fixture.",source-confirmation-required,,host/common-errors-diagnostics.mdx,179,179,Machine Error Lookup,authored
err-fc97a14e80,error,"Full client storage, no space left on device, or missing expected disk space",source-or-fixture,"Match the literal string/category to CLI, daemon, backend, or console source and retain a redacted captured fixture.",source-confirmation-required,,host/common-errors-diagnostics.mdx,182,182,Machine Error Lookup,authored
err-1a1f302163,error,no space left on device,source-or-fixture,"Match the literal string/category to CLI, daemon, backend, or console source and retain a redacted captured fixture.",source-confirmation-required,,host/common-errors-diagnostics.mdx,182,182,Machine Error Lookup,authored
err-1a1f302163,error,no space left on device,source-or-fixture,"Match the literal string/category to CLI, daemon, backend, or console source and retain a redacted captured fixture.",source-confirmation-required,,host/machine-errors.mdx,58,58,Quick Lookup,authored
err-1a1f302163,error,no space left on device,source-or-fixture,"Match the literal string/category to CLI, daemon, backend, or console source and retain a redacted captured fixture.",source-confirmation-required,,host/machine-errors.mdx,241,241,Full Client Storage,authored
err-ebaeded3ed,error,Machine error strings,source-or-fixture,"Match the literal string/category to CLI, daemon, backend, or console source and retain a redacted captured fixture.",source-confirmation-required,,host/common-errors-diagnostics.mdx,226,226,Related Pages,authored
err-54ea18668b,error,nccl_failed,source-or-fixture,"Match the literal string/category to CLI, daemon, backend, or console source and retain a redacted captured fixture.",source-confirmation-required,,host/how-to-self-test.mdx,61,61,What Self-Test Checks,authored
err-54ea18668b,error,nccl_failed,source-or-fixture,"Match the literal string/category to CLI, daemon, backend, or console source and retain a redacted captured fixture.",source-confirmation-required,,host/machine-errors.mdx,56,56,Quick Lookup,authored
err-54ea18668b,error,nccl_failed,source-or-fixture,"Match the literal string/category to CLI, daemon, backend, or console source and retain a redacted captured fixture.",source-confirmation-required,,host/machine-errors.mdx,214,214,NCCL Failed,authored
err-54ea18668b,error,nccl_failed,source-or-fixture,"Match the literal string/category to CLI, daemon, backend, or console source and retain a redacted captured fixture.",source-confirmation-required,,host/self-test-reference.mdx,216,216,No Response Or Progress Timeout,generated-self-test
err-54ea18668b,error,nccl_failed,source-or-fixture,"Match the literal string/category to CLI, daemon, backend, or console source and retain a redacted captured fixture.",source-confirmation-required,,host/self-test-reference.mdx,222,222,nccl_failed Deep Dive,generated-self-test
err-54ea18668b,error,nccl_failed,source-or-fixture,"Match the literal string/category to CLI, daemon, backend, or console source and retain a redacted captured fixture.",source-confirmation-required,,host/self-test-reference.mdx,224,224,nccl_failed Deep Dive,generated-self-test
err-ec431f7e6b,error,"Port issue, port networking issues, Port Networking Issues",source-or-fixture,"Match the literal string/category to CLI, daemon, backend, or console source and retain a redacted captured fixture.",source-confirmation-required,,host/machine-errors.mdx,43,43,Quick Lookup,authored
err-84cd7ca64d,error,nvidia-container-cli: device error:,source-or-fixture,"Match the literal string/category to CLI, daemon, backend, or console source and retain a redacted captured fixture.",source-confirmation-required,,host/machine-errors.mdx,46,46,Quick Lookup,authored
err-84cd7ca64d,error,nvidia-container-cli: device error:,source-or-fixture,"Match the literal string/category to CLI, daemon, backend, or console source and retain a redacted captured fixture.",source-confirmation-required,,host/machine-errors.mdx,92,92,NVIDIA Container Runtime,authored
err-54a90fef1d,error,failed to inject CDI devices: unresolvable CDI devices,source-or-fixture,"Match the literal string/category to CLI, daemon, backend, or console source and retain a redacted captured fixture.",source-confirmation-required,,host/machine-errors.mdx,47,47,Quick Lookup,authored
err-54a90fef1d,error,failed to inject CDI devices: unresolvable CDI devices,source-or-fixture,"Match the literal string/category to CLI, daemon, backend, or console source and retain a redacted captured fixture.",source-confirmation-required,,host/machine-errors.mdx,109,109,CDI Device Injection,authored
err-e079e6d870,error,unknown or invalid runtime nvidia,source-or-fixture,"Match the literal string/category to CLI, daemon, backend, or console source and retain a redacted captured fixture.",source-confirmation-required,,host/machine-errors.mdx,48,48,Quick Lookup,authored
err-e079e6d870,error,unknown or invalid runtime nvidia,source-or-fixture,"Match the literal string/category to CLI, daemon, backend, or console source and retain a redacted captured fixture.",source-confirmation-required,,host/machine-errors.mdx,123,123,Docker Runtime Configuration,authored
err-caa6731db5,error,unknown flag: runtime,source-or-fixture,"Match the literal string/category to CLI, daemon, backend, or console source and retain a redacted captured fixture.",source-confirmation-required,,host/machine-errors.mdx,49,49,Quick Lookup,authored
err-caa6731db5,error,unknown flag: runtime,source-or-fixture,"Match the literal string/category to CLI, daemon, backend, or console source and retain a redacted captured fixture.",source-confirmation-required,,host/machine-errors.mdx,125,125,Docker Runtime Configuration,authored
err-e9e53e0036,error,Cannot connect to the Docker daemon,source-or-fixture,"Match the literal string/category to CLI, daemon, backend, or console source and retain a redacted captured fixture.",source-confirmation-required,,host/machine-errors.mdx,50,50,Quick Lookup,authored
err-e9e53e0036,error,Cannot connect to the Docker daemon,source-or-fixture,"Match the literal string/category to CLI, daemon, backend, or console source and retain a redacted captured fixture.",source-confirmation-required,,host/machine-errors.mdx,141,141,Docker Daemon Unavailable,authored
err-04dcbb3035,error,"GPU PCIE issue, AER, PCIe, Xid 79, fallen off bus",source-or-fixture,"Match the literal string/category to CLI, daemon, backend, or console source and retain a redacted captured fixture.",source-confirmation-required,,host/machine-errors.mdx,51,51,Quick Lookup,authored
err-94840c1cf3,error,CUDA error: uncorrectable ECC error encountered,source-or-fixture,"Match the literal string/category to CLI, daemon, backend, or console source and retain a redacted captured fixture.",source-confirmation-required,,host/machine-errors.mdx,54,54,Quick Lookup,authored
err-94840c1cf3,error,CUDA error: uncorrectable ECC error encountered,source-or-fixture,"Match the literal string/category to CLI, daemon, backend, or console source and retain a redacted captured fixture.",source-confirmation-required,,host/machine-errors.mdx,192,192,ECC And GPU Memory Errors,authored
err-a733eb697e,error,CUDA is not available,source-or-fixture,"Match the literal string/category to CLI, daemon, backend, or console source and retain a redacted captured fixture.",source-confirmation-required,,host/machine-errors.mdx,55,55,Quick Lookup,authored
err-a733eb697e,error,CUDA is not available,source-or-fixture,"Match the literal string/category to CLI, daemon, backend, or console source and retain a redacted captured fixture.",source-confirmation-required,,host/machine-errors.mdx,207,207,CUDA Unavailable,authored
err-9b00a90ceb,error,"nccl_failed, NCCL initialization, sync, or communicator error",source-or-fixture,"Match the literal string/category to CLI, daemon, backend, or console source and retain a redacted captured fixture.",source-confirmation-required,,host/machine-errors.mdx,56,56,Quick Lookup,authored
err-0220e2a7c2,error,"Full client storage, no space left on device",source-or-fixture,"Match the literal string/category to CLI, daemon, backend, or console source and retain a redacted captured fixture.",source-confirmation-required,,host/machine-errors.mdx,58,58,Quick Lookup,authored
err-5c9e9d893d,error,Machine not found or not rentable,source-or-fixture,"Match the literal string/category to CLI, daemon, backend, or console source and retain a redacted captured fixture.",source-confirmation-required,,host/machine-errors.mdx,59,59,Quick Lookup,authored
err-a89e0ad71c,error,Red machine error / unhealthy / deverified,source-or-fixture,"Match the literal string/category to CLI, daemon, backend, or console source and retain a redacted captured fixture.",source-confirmation-required,,host/machine-errors.mdx,60,60,Quick Lookup,authored
err-be182c8321,error,Error: machine does not support VMs.,source-or-fixture,"Match the literal string/category to CLI, daemon, backend, or console source and retain a redacted captured fixture.",source-confirmation-required,,host/machine-errors.mdx,286,286,VM Offer Errors,authored
err-1dfdfcee5b,error,Error: Unexpected configuration change; cannot assign GPUs to VMs.,source-or-fixture,"Match the literal string/category to CLI, daemon, backend, or console source and retain a redacted captured fixture.",source-confirmation-required,,host/machine-errors.mdx,287,287,VM Offer Errors,authored
err-3537eb2c69,error,Error: Machine incompatible with VMs after host change. Please destroy the instance and find a new machine.,source-or-fixture,"Match the literal string/category to CLI, daemon, backend, or console source and retain a redacted captured fixture.",source-confirmation-required,,host/machine-errors.mdx,288,288,VM Offer Errors,authored
err-fbc1762373,error,Error: unable to complete out-of-memory-check,source-or-fixture,"Match the literal string/category to CLI, daemon, backend, or console source and retain a redacted captured fixture.",source-confirmation-required,,host/machine-errors.mdx,289,289,VM Offer Errors,authored
err-d645c4fbcb,error,Secrets fetch failed: machine authentication denied (HTTP 401),source-or-fixture,"Match the literal string/category to CLI, daemon, backend, or console source and retain a redacted captured fixture.",source-confirmation-required,,host/machine-errors.mdx,290,290,VM Offer Errors,authored
err-70ecfccb88,error,"Error: GPU error, unable to start instance.",source-or-fixture,"Match the literal string/category to CLI, daemon, backend, or console source and retain a redacted captured fixture.",source-confirmation-required,,host/machine-errors.mdx,291,291,VM Offer Errors,authored
err-8dafadb60b,error,Error: Internal error.,source-or-fixture,"Match the literal string/category to CLI, daemon, backend, or console source and retain a redacted captured fixture.",source-confirmation-required,,host/machine-errors.mdx,302,302,Rental-Attempt Messages,authored
err-bd0ee3d9f6,error,Error: container is mounted,source-or-fixture,"Match the literal string/category to CLI, daemon, backend, or console source and retain a redacted captured fixture.",source-confirmation-required,,host/machine-errors.mdx,303,303,Rental-Attempt Messages,authored
err-8cb61a2c48,error,Error: Requested volume does not exist:,source-or-fixture,"Match the literal string/category to CLI, daemon, backend, or console source and retain a redacted captured fixture.",source-confirmation-required,,host/machine-errors.mdx,304,304,Rental-Attempt Messages,authored
err-cd3c817852,error,Secrets fetch failed: network/subprocess error,source-or-fixture,"Match the literal string/category to CLI, daemon, backend, or console source and retain a redacted captured fixture.",source-confirmation-required,,host/machine-errors.mdx,308,308,Rental-Attempt Messages,authored
err-2ad35403c1,error,Secrets fetch failed: empty response,source-or-fixture,"Match the literal string/category to CLI, daemon, backend, or console source and retain a redacted captured fixture.",source-confirmation-required,,host/machine-errors.mdx,309,309,Rental-Attempt Messages,authored
err-2753934b06,error,Secrets fetch failed: instance not found or access denied (HTTP 404),source-or-fixture,"Match the literal string/category to CLI, daemon, backend, or console source and retain a redacted captured fixture.",source-confirmation-required,,host/machine-errors.mdx,310,310,Rental-Attempt Messages,authored
err-3dce35eb2b,error,Secrets fetch failed: bad request (HTTP 400),source-or-fixture,"Match the literal string/category to CLI, daemon, backend, or console source and retain a redacted captured fixture.",source-confirmation-required,,host/machine-errors.mdx,311,311,Rental-Attempt Messages,authored
err-33b1fdbb2c,error,Secrets fetch failed: server error (HTTP ),source-or-fixture,"Match the literal string/category to CLI, daemon, backend, or console source and retain a redacted captured fixture.",source-confirmation-required,,host/machine-errors.mdx,313,313,Rental-Attempt Messages,authored
err-8a9102cdf9,error,Secrets fetch failed: unexpected HTTP,source-or-fixture,"Match the literal string/category to CLI, daemon, backend, or console source and retain a redacted captured fixture.",source-confirmation-required,,host/machine-errors.mdx,314,314,Rental-Attempt Messages,authored
err-520bbb7a21,error,Secrets fetch JSON parse error,source-or-fixture,"Match the literal string/category to CLI, daemon, backend, or console source and retain a redacted captured fixture.",source-confirmation-required,,host/machine-errors.mdx,315,315,Rental-Attempt Messages,authored
err-63f21218e4,error,machine_offline,source-or-fixture,"Match the literal string/category to CLI, daemon, backend, or console source and retain a redacted captured fixture.",source-confirmation-required,,host/notifications.mdx,54,54,Route Host Alerts to a Webhook,authored
err-8b79be9bf7,error,machine_error,source-or-fixture,"Match the literal string/category to CLI, daemon, backend, or console source and retain a redacted captured fixture.",source-confirmation-required,,host/notifications.mdx,55,55,Route Host Alerts to a Webhook,authored
err-bd2d931003,error,host:machine_offline,source-or-fixture,"Match the literal string/category to CLI, daemon, backend, or console source and retain a redacted captured fixture.",source-confirmation-required,,host/notifications.mdx,62,62,Notification Type Keys,authored
err-c389b957de,error,Normal preflight failure,generated-source,"Regenerate from exact Vast CLI and self-test revisions, then compare output and run their source tests.",generator-check-required,,host/self-test-reference.mdx,39,39,How To Read The Result,generated-self-test
err-7d8786c16d,error,Runtime failure,generated-source,"Regenerate from exact Vast CLI and self-test revisions, then compare output and run their source tests.",generator-check-required,,host/self-test-reference.mdx,40,40,How To Read The Result,generated-self-test
err-52991ed2e1,error,not found or not rentable,generated-source,"Regenerate from exact Vast CLI and self-test revisions, then compare output and run their source tests.",generator-check-required,,host/self-test-reference.mdx,138,138,Not Found Or Not Rentable,generated-self-test
err-9b44dd2d0a,error,no_offer,generated-source,"Regenerate from exact Vast CLI and self-test revisions, then compare output and run their source tests.",generator-check-required,,host/self-test-reference.mdx,152,152,Not Found Or Not Rentable,generated-self-test
err-b99c2408d3,error,no_rentable_offer,generated-source,"Regenerate from exact Vast CLI and self-test revisions, then compare output and run their source tests.",generator-check-required,,host/self-test-reference.mdx,153,153,Not Found Or Not Rentable,generated-self-test
err-932666dddf,error,api_permission_failed,generated-source,"Regenerate from exact Vast CLI and self-test revisions, then compare output and run their source tests.",generator-check-required,,host/self-test-reference.mdx,154,154,Not Found Or Not Rentable,generated-self-test
err-37c4ffef35,error,preflight_requirements_failed,generated-source,"Regenerate from exact Vast CLI and self-test revisions, then compare output and run their source tests.",generator-check-required,,host/self-test-reference.mdx,155,155,Not Found Or Not Rentable,generated-self-test
err-db65392376,error,deverified_or_below_threshold,generated-source,"Regenerate from exact Vast CLI and self-test revisions, then compare output and run their source tests.",generator-check-required,,host/self-test-reference.mdx,157,157,Not Found Or Not Rentable,generated-self-test
err-bbe11b8a46,error,offline_or_not_listed,generated-source,"Regenerate from exact Vast CLI and self-test revisions, then compare output and run their source tests.",generator-check-required,,host/self-test-reference.mdx,159,159,Not Found Or Not Rentable,generated-self-test
err-14fa999063,error,unknown_no_rentable_offer,generated-source,"Regenerate from exact Vast CLI and self-test revisions, then compare output and run their source tests.",generator-check-required,,host/self-test-reference.mdx,160,160,Not Found Or Not Rentable,generated-self-test
err-cd688dd307,error,no response,generated-source,"Regenerate from exact Vast CLI and self-test revisions, then compare output and run their source tests.",generator-check-required,,host/self-test-reference.mdx,178,178,No Response Or Progress Timeout,generated-self-test
err-2d8c1fce6d,error,instance_create_failed,generated-source,"Regenerate from exact Vast CLI and self-test revisions, then compare output and run their source tests.",generator-check-required,,host/self-test-reference.mdx,198,198,No Response Or Progress Timeout,generated-self-test
err-01b88ad97a,error,instance_status_error,generated-source,"Regenerate from exact Vast CLI and self-test revisions, then compare output and run their source tests.",generator-check-required,,host/self-test-reference.mdx,200,200,No Response Or Progress Timeout,generated-self-test
err-0b797d4f92,error,instance_status_poll_failed,generated-source,"Regenerate from exact Vast CLI and self-test revisions, then compare output and run their source tests.",generator-check-required,,host/self-test-reference.mdx,201,201,No Response Or Progress Timeout,generated-self-test
err-6e5b94d2fb,error,instance_start_timeout,generated-source,"Regenerate from exact Vast CLI and self-test revisions, then compare output and run their source tests.",generator-check-required,,host/self-test-reference.mdx,202,202,No Response Or Progress Timeout,generated-self-test
err-ef2176163e,error,instance_offline_before_test,generated-source,"Regenerate from exact Vast CLI and self-test revisions, then compare output and run their source tests.",generator-check-required,,host/self-test-reference.mdx,203,203,No Response Or Progress Timeout,generated-self-test
err-0982e680c5,error,missing_public_ip,generated-source,"Regenerate from exact Vast CLI and self-test revisions, then compare output and run their source tests.",generator-check-required,,host/self-test-reference.mdx,204,204,No Response Or Progress Timeout,generated-self-test
err-79d2fd21ec,error,progress_endpoint_unreachable,generated-source,"Regenerate from exact Vast CLI and self-test revisions, then compare output and run their source tests.",generator-check-required,,host/self-test-reference.mdx,206,206,No Response Or Progress Timeout,generated-self-test
err-9d62c2085c,error,progress_empty_timeout,generated-source,"Regenerate from exact Vast CLI and self-test revisions, then compare output and run their source tests.",generator-check-required,,host/self-test-reference.mdx,208,208,No Response Or Progress Timeout,generated-self-test
err-0dff51fd8b,error,runtime_test_timeout,generated-source,"Regenerate from exact Vast CLI and self-test revisions, then compare output and run their source tests.",generator-check-required,,host/self-test-reference.mdx,209,209,No Response Or Progress Timeout,generated-self-test
err-d759b741f5,error,legacy_progress_error,generated-source,"Regenerate from exact Vast CLI and self-test revisions, then compare output and run their source tests.",generator-check-required,,host/self-test-reference.mdx,210,210,No Response Or Progress Timeout,generated-self-test
err-8980ba8a70,error,docker_pull_failed,generated-source,"Regenerate from exact Vast CLI and self-test revisions, then compare output and run their source tests.",generator-check-required,,host/self-test-reference.mdx,211,211,No Response Or Progress Timeout,generated-self-test
err-b64b1b22d0,error,daemon_startup_failed,generated-source,"Regenerate from exact Vast CLI and self-test revisions, then compare output and run their source tests.",generator-check-required,,host/self-test-reference.mdx,212,212,No Response Or Progress Timeout,generated-self-test
err-ad7c17c7b1,error,nvml_failed,generated-source,"Regenerate from exact Vast CLI and self-test revisions, then compare output and run their source tests.",generator-check-required,,host/self-test-reference.mdx,213,213,No Response Or Progress Timeout,generated-self-test
err-21bb5111ad,error,resnet_failed,generated-source,"Regenerate from exact Vast CLI and self-test revisions, then compare output and run their source tests.",generator-check-required,,host/self-test-reference.mdx,214,214,No Response Or Progress Timeout,generated-self-test
err-e0a75cf6fb,error,ecc_failed,generated-source,"Regenerate from exact Vast CLI and self-test revisions, then compare output and run their source tests.",generator-check-required,,host/self-test-reference.mdx,215,215,No Response Or Progress Timeout,generated-self-test
err-5daffe2dac,error,stress_gpu_burn_failed,generated-source,"Regenerate from exact Vast CLI and self-test revisions, then compare output and run their source tests.",generator-check-required,,host/self-test-reference.mdx,217,217,No Response Or Progress Timeout,generated-self-test
err-026fd34c8e,error,interrupted,generated-source,"Regenerate from exact Vast CLI and self-test revisions, then compare output and run their source tests.",generator-check-required,,host/self-test-reference.mdx,218,218,No Response Or Progress Timeout,generated-self-test
err-03e5728203,error,cleanup_failed,generated-source,"Regenerate from exact Vast CLI and self-test revisions, then compare output and run their source tests.",generator-check-required,,host/self-test-reference.mdx,219,219,No Response Or Progress Timeout,generated-self-test
err-0e91181821,error,Unverified -> Verified -> Deverified -> Unverified,source-or-fixture,"Match the literal string/category to CLI, daemon, backend, or console source and retain a redacted captured fixture.",source-confirmation-required,,host/verification-stages.mdx,23,23,Lifecycle,authored
thr-aa3f76d05b,threshold,"- At least 5 GPU servers listed, or evidence of significant equipment to list.",source-owner,"Confirm against the enforcing source/config and an exact revision; use an edge-case test at, below, and above the boundary.",source-confirmation-required,,host/datacenter-status.mdx,29,29,Requirements,authored
thr-e1b8643916,threshold,- Direct ports are at least 3 ports per listed GPU.,source-owner,"Confirm against the enforcing source/config and an exact revision; use an edge-case test at, below, and above the boundary.",source-confirmation-required,,host/how-to-self-test.mdx,43,43,What Self-Test Checks,authored
thr-f56389fcd5,threshold,Market metrics update every 5 minutes. Location data can be cached for up to 2 hours. Each endpoint allows up to 5 requests per second per user.,source-owner,"Confirm against the enforcing source/config and an exact revision; use an edge-case test at, below, and above the boundary.",source-confirmation-required,,host/market-metrics.mdx,144,144,Freshness And Limits,authored
thr-b0ac625fb9,threshold,"Self-test requires at least 3 direct ports per listed GPU. For production hosting, plan for about 100 direct ports per listed GPU. One instance can map up to 64 ports, and a larger range gives headroom while old mappings are being released and new instances are starting.",source-owner,"Confirm against the enforcing source/config and an exact revision; use an edge-case test at, below, and above the boundary.",source-confirmation-required,,host/network-ports.mdx,18,18,Ports Per GPU,authored
thr-2ad71df8a0,threshold,pcie.bandwidth PCIe bandwidth | Required: PCIe bandwidth > 2.85 GB/s | Low PCIe bandwidth can make GPU stress and transfer checks fail or time out. | Check BIOS PCIe generation/lane settings and confirm GPUs are seated in full-speed slots.,generated-source,"Regenerate from exact Vast CLI and self-test revisions, then compare output and run their source tests.",generator-check-required,,host/self-test-reference.mdx,56,56,Preflight Checks,generated-self-test
thr-96f00fbda9,threshold,gpu.ram GPU RAM | Required: Per-GPU VRAM > 7 GiB | The verification workload requires more than 7 GB of VRAM per GPU. | Use a GPU with more VRAM for this self-test.,generated-source,"Regenerate from exact Vast CLI and self-test revisions, then compare output and run their source tests.",generator-check-required,,host/self-test-reference.mdx,59,59,Preflight Checks,generated-self-test
thr-1b41cde275,threshold,"system.ram System RAM | Required: System RAM >= min(0.95 * total GPU VRAM, 2,000,000 MiB) | System RAM must be close to total VRAM so CPU-side staging does not starve the tests. For very large GPU hosts, this requirement is capped at about 2 TB. | Add system RAM or reduce the listed GPU set so system RAM is at least 95% of total VRAM, up to the 2 TB cap.",generated-source,"Regenerate from exact Vast CLI and self-test revisions, then compare output and run their source tests.",generator-check-required,,host/self-test-reference.mdx,60,60,Preflight Checks,generated-self-test
thr-90aedd81ca,threshold,"network.direct_ports.recommended_max Direct port count advisory | Advisory: direct ports <= 64 * listed GPUs | Vast instances can use at most 64 open ports each. Mapping more than 64 ports per listed GPU is usually wasted effort. | This is advisory only, not a self-test gate. Keep enough direct ports for self-test and normal workloads, but avoid mapping very large unused ranges.",generated-source,"Regenerate from exact Vast CLI and self-test revisions, then compare output and run their source tests.",generator-check-required,,host/self-test-reference.mdx,62,62,Preflight Checks,generated-self-test
thr-9ba4de237c,threshold,- Useful cap: each instance can use up to 64 ports. Mapping more than 64 ports per listed GPU is usually unnecessary and is not a self-test requirement.,generated-source,"Regenerate from exact Vast CLI and self-test revisions, then compare output and run their source tests.",generator-check-required,,host/self-test-reference.mdx,73,73,Direct Ports And Port Mapping,generated-self-test
thr-a899c86c04,threshold,"system_requirements System requirements | Each GPU has at least 98% free VRAM; system RAM is at least 95% of total GPU VRAM capped at 2,000,000 MiB; there is at least 1 visible physical CPU core per visible GPU. Hyperthreads/logical CPUs do not count as physical cores. | Verify GPU visibility, available VRAM, host RAM, and CPU core capacity. | Check CUDA visibility, host memory, CPU allocation, and competing GPU workloads.",generated-source,"Regenerate from exact Vast CLI and self-test revisions, then compare output and run their source tests.",generator-check-required,,host/self-test-reference.mdx,124,124,Runtime Stages,generated-self-test
thr-20910e24a6,threshold,"nccl NCCL distributed communication | At least 1 GPU is visible and all NCCL ranks initialize and synchronize on one machine. | Initialize NCCL workers across all visible GPUs and synchronize them. | Check NCCL support, peer communication, CUDA driver/runtime compatibility, and process limits.",generated-source,"Regenerate from exact Vast CLI and self-test revisions, then compare output and run their source tests.",generator-check-required,,host/self-test-reference.mdx,127,127,Runtime Stages,generated-self-test
thr-b514fee995,threshold,"Text artifacts are capped at 262,144 bytes and log artifacts are capped at 262,144 bytes. Obvious API keys, tokens, passwords, and related secrets are redacted, but hosts should still review the tarball before sharing it with support.",generated-source,"Regenerate from exact Vast CLI and self-test revisions, then compare output and run their source tests.",generator-check-required,,host/self-test-reference.mdx,253,253,Diagnostic Bundles,generated-self-test
thr-e131976473,threshold,Current listing guidance expects at least 128 GB of fast SSD storage per GPU. Docker storage should:,source-owner,"Confirm against the enforcing source/config and an exact revision; use an edge-case test at, below, and above the boundary.",source-confirmation-required,,host/storage-setup.mdx,22,22,Docker Storage Layout,authored
thr-2c2f284fd6,threshold,- More than 7 GiB VRAM per GPU.,source-owner,"Confirm against the enforcing source/config and an exact revision; use an edge-case test at, below, and above the boundary.",source-confirmation-required,,host/supported-hardware.mdx,26,26,Quick Check,authored
thr-a306760b43,threshold,"- Fast SSD/NVMe storage, with at least 128 GB per GPU as a listing baseline.",source-owner,"Confirm against the enforcing source/config and an exact revision; use an edge-case test at, below, and above the boundary.",source-confirmation-required,,host/supported-hardware.mdx,30,30,Quick Check,authored
thr-2b08bd6059,threshold,System RAM | At least 4 GB per GPU as a listing baseline; high-VRAM GPUs may need more.,source-owner,"Confirm against the enforcing source/config and an exact revision; use an edge-case test at, below, and above the boundary.",source-confirmation-required,,host/supported-hardware.mdx,51,51,Minimum Listing Baseline,authored
thr-7b94887cfe,threshold,"Storage | Fast SSD/NVMe, at least 128 GB per GPU.",source-owner,"Confirm against the enforcing source/config and an exact revision; use an edge-case test at, below, and above the boundary.",source-confirmation-required,,host/supported-hardware.mdx,52,52,Minimum Listing Baseline,authored
thr-9d10684939,threshold,Low-VRAM or very old GPUs | Self-test requires more than 7 GiB VRAM; demand may also be weak.,source-owner,"Confirm against the enforcing source/config and an exact revision; use an edge-case test at, below, and above the boundary.",source-confirmation-required,,host/supported-hardware.mdx,77,77,Unsupported Or Discouraged Setups,authored
beh-0450244b7b,behavior-claim,"Yes. Use a dedicated account for hosting. Do not use the same account for both client rentals and host operations, because that setup is unsupported and can cause account and machine-management issues.",source-owner,"Confirm with the owning code, product policy, or named stakeholder and record the source/date in Jira or the PR.",source-confirmation-required,,host/account-hosting-agreement.mdx,20,20,Do I need a separate host account?,authored
beh-d9b469cd05,behavior-claim,"Once your host account is created, open the host setup page. There is a link in the first paragraph to the hosting agreement. Read through the agreement. Once you accept, your account is converted to a hosting account, and a Machines link appears in the navigation. Your account can now list machines that are running the daemon software.",source-owner,"Confirm with the owning code, product policy, or named stakeholder and record the source/date in Jira or the PR.",source-confirmation-required,,host/account-hosting-agreement.mdx,26,26,How to accept the hosting agreement,authored
beh-934353458f,behavior-claim,"The setup page is the canonical place for the current agreement link and generated install command. Do not rely on copied buttons, screenshots, or old setup instructions.",source-owner,"Confirm with the owning code, product policy, or named stakeholder and record the source/date in Jira or the PR.",source-confirmation-required,,host/account-hosting-agreement.mdx,36,36,How to accept the hosting agreement,authored
beh-a3c8c8cad2,behavior-claim,## What must happen before I can see host features or the Machines tab?,source-owner,"Confirm with the owning code, product policy, or named stakeholder and record the source/date in Jira or the PR.",source-confirmation-required,,host/account-hosting-agreement.mdx,39,39,What must happen before I can see host features or the Machines tab?,authored
beh-4204db921c,behavior-claim,"Your account must be enabled for hosting and the hosting agreement must be accepted. After the account is converted to a host account, the Machines navigation and other host features should become available.",source-owner,"Confirm with the owning code, product policy, or named stakeholder and record the source/date in Jira or the PR.",source-confirmation-required,,host/account-hosting-agreement.mdx,41,41,What must happen before I can see host features or the Machines tab?,authored
beh-67cbb836cc,behavior-claim,"Confirm that you are signed into the correct dedicated host account, then refresh or sign out and back in. If the Machines tab is still missing, treat it as an account-state issue rather than a Linux install issue. Contact Vast support with the host account email and screenshots or error messages from the setup flow.",source-owner,"Confirm with the owning code, product policy, or named stakeholder and record the source/date in Jira or the PR.",source-confirmation-required,,host/account-hosting-agreement.mdx,52,52,What if I accepted the agreement but still see a client account?,authored
beh-6fb3d5f42b,behavior-claim,"Hosts use account credentials and API keys for setup, self-test, machine management, team operations, and automation. This page does not replace the canonical account docs; it points you to them with host-specific context.",source-owner,"Confirm with the owning code, product policy, or named stakeholder and record the source/date in Jira or the PR.",source-confirmation-required,,host/account-security-for-hosts.mdx,17,17,Introduction,authored
beh-9f5ebf7c31,behavior-claim,"Do not paste API keys into shared scripts, tickets, screenshots, or public channels. If a key is exposed, rotate it from the Keys page.",source-owner,"Confirm with the owning code, product policy, or named stakeholder and record the source/date in Jira or the PR.",source-confirmation-required,,host/cli-api-sdk.mdx,71,71,Automation Notes,authored
beh-1308f1481e,behavior-claim,"Run it on the actual host with --include-local-host-artifacts only when host OS, kaalia, kernel, Docker, or mount evidence is needed:",source-owner,"Confirm with the owning code, product policy, or named stakeholder and record the source/date in Jira or the PR.",source-confirmation-required,,host/common-errors-diagnostics.mdx,82,82,Logs And Support Bundles,authored
beh-ad13a9dac3,behavior-claim,"The flag is opt-in because a laptop or other remote CLI cannot safely collect files from the Vast host. Review the redacted archive before sharing it. See Self-Test Reference: Diagnostic Bundles for contents, size caps, and collection boundaries.",source-owner,"Confirm with the owning code, product policy, or named stakeholder and record the source/date in Jira or the PR.",source-confirmation-required,,host/common-errors-diagnostics.mdx,88,88,Logs And Support Bundles,authored
beh-84d016e4f3,behavior-claim,"Local Ubuntu, Docker, GPU driver, hardware, power, thermals, and consumer networking are primarily host responsibilities. Vast hosting requires direct public inbound TCP/UDP reachability; CGNAT or double NAT without a real public forwarding path is not a supported hosting network setup.",source-owner,"Confirm with the owning code, product policy, or named stakeholder and record the source/date in Jira or the PR.",source-confirmation-required,,host/common-errors-diagnostics.mdx,219,219,Escalate To Vast Support,authored
beh-a3497228f2,behavior-claim,"If your machine is listed but renters cannot find it in marketplace search, start with Why Isn't My Machine in Search?.",source-owner,"Confirm with the owning code, product policy, or named stakeholder and record the source/date in Jira or the PR.",source-confirmation-required,,host/common-host-questions.mdx,17,17,Introduction,authored
beh-2e6751490d,behavior-claim,"Vast does not provide hands-on machine setup support. Your OS, drivers, BIOS, storage, power, thermals, and router are host responsibilities. See Is Vast for Me?.",source-owner,"Confirm with the owning code, product policy, or named stakeholder and record the source/date in Jira or the PR.",source-confirmation-required,,host/community.mdx,18,18,Introduction,authored
beh-a2a641e55e,behavior-claim,"Review logs and bundles before posting, and never share API keys, install commands, sensitive account details, account-specific token material, or renter data in public channels.",source-owner,"Confirm with the owning code, product policy, or named stakeholder and record the source/date in Jira or the PR.",source-confirmation-required,,host/community.mdx,35,35,What to include when asking for help,authored
beh-268e26a176,behavior-claim,"This compute-only shortcut does not include storage, bandwidth, or volume revenue. It is also gross revenue before power, cooling, colocation, internet, hardware depreciation, repairs, taxes, and payment/accounting costs.",source-owner,"Confirm with the owning code, product policy, or named stakeholder and record the source/date in Jira or the PR.",source-confirmation-required,,host/earning.mdx,57,57,Compute-Only Monthly Model,authored
beh-ab2e66c478,behavior-claim,"Use P90 only when your machine has a real advantage: strong reliability, better network, fast storage, better location, datacenter status, or scarce GPU supply. Then add realistic storage, bandwidth, and volume assumptions separately.",source-owner,"Confirm with the owning code, product policy, or named stakeholder and record the source/date in Jira or the PR.",source-confirmation-required,,host/earning.mdx,69,69,30-Day Range,authored
beh-dd1aa99e09,behavior-claim,"If actual earnings are lower than the estimate, check utilization first, then compare storage, bandwidth, and volume settings. A higher price does not help if renters choose cheaper or healthier machines.",source-owner,"Confirm with the owning code, product policy, or named stakeholder and record the source/date in Jira or the PR.",source-confirmation-required,,host/earning.mdx,83,83,Compute-Only Example,authored
beh-9a8024e679,behavior-claim,"- Ports do not hang at ""connecting.""",source-owner,"Confirm with the owning code, product policy, or named stakeholder and record the source/date in Jira or the PR.",source-confirmation-required,,host/first-24-hours.mdx,74,74,Test Like A Client,authored
beh-225adb6264,behavior-claim,"Carrier-grade NAT. Your router does not have its own public IPv4 address, so inbound connections cannot reliably reach the host. Vast hosting requires a real public inbound TCP/UDP path; CGNAT and double NAT without public forwarding are not supported hosting setups. See Network & Ports.",source-owner,"Confirm with the owning code, product policy, or named stakeholder and record the source/date in Jira or the PR.",source-confirmation-required,,host/glossary.mdx,23,23,CGNAT,authored
beh-fafadbf5d8,behavior-claim,Externally reachable TCP/UDP ports forwarded to the host. Self-test requires at least 3 per listed GPU; production hosts should usually plan about 100 per listed GPU for headroom. See Network & Ports.,source-owner,"Confirm with the owning code, product policy, or named stakeholder and record the source/date in Jira or the PR.",source-confirmation-required,,host/glossary.mdx,35,35,Direct ports (direct_port_count),authored
beh-9f06729417,behavior-claim,Lower-priority bid rental. Higher bids run first; stopped containers and data remain on the machine. See rental types.,source-owner,"Confirm with the owning code, product policy, or named stakeholder and record the source/date in Jira or the PR.",source-confirmation-required,,host/glossary.mdx,51,51,Interruptible rental,authored
beh-4564ee4d30,behavior-claim,The offer end date becomes a renter's contract end date when accepted. Existing rental end dates cannot be shortened by later host changes. See Hosting Overview.,source-owner,"Confirm with the owning code, product policy, or named stakeholder and record the source/date in Jira or the PR.",source-confirmation-required,,host/glossary.mdx,75,75,Offer end date / rental end date,authored
beh-05aee2bb9e,behavior-claim,Unlisting stops new rentals. Deleting removes the machine record. Existing commitments must be understood first. See Remove or Recreate.,source-owner,"Confirm with the owning code, product policy, or named stakeholder and record the source/date in Jira or the PR.",source-confirmation-required,,host/glossary.mdx,99,99,Unlist vs. delete,authored
beh-8ef2a19eb3,behavior-claim,"Disclaimer: As an independent contractor, you are solely responsible for tracking your earnings and accurately reporting them in your tax filings. Vast.ai cannot provide tax advice, and we cannot verify the accuracy of any publicly available tax guidance. If you have questions about your tax obligations, please consult a tax professional.",source-owner,"Confirm with the owning code, product policy, or named stakeholder and record the source/date in Jira or the PR.",source-confirmation-required,,host/guide-to-taxes.mdx,13,13,Introduction,authored
beh-8592bd0ade,behavior-claim,Important: Vast.ai does not automatically withhold taxes.,source-owner,"Confirm with the owning code, product policy, or named stakeholder and record the source/date in Jira or the PR.",source-confirmation-required,,host/guide-to-taxes.mdx,15,15,Introduction,authored
beh-36f9f5f49e,behavior-claim,Vast.ai does not provide tax documents or tax advice to hosts residing outside the United States. International hosts are responsible for understanding and complying with their local tax obligations.,source-owner,"Confirm with the owning code, product policy, or named stakeholder and record the source/date in Jira or the PR.",source-confirmation-required,,host/guide-to-taxes.mdx,19,19,International Hosts,authored
beh-084ce3943a,behavior-claim,Vast.ai is based in California and does not currently collect or remit VAT.,source-owner,"Confirm with the owning code, product policy, or named stakeholder and record the source/date in Jira or the PR.",source-confirmation-required,,host/guide-to-taxes.mdx,46,46,Does Vast.ai handle VAT?,authored
beh-aebfd4d42a,behavior-claim,"For CPU capacity, use the physical-core rule: the host should have at least one visible physical CPU core per visible GPU. Hyperthreads and logical CPUs do not count as physical cores.",source-owner,"Confirm with the owning code, product policy, or named stakeholder and record the source/date in Jira or the PR.",source-confirmation-required,,host/hardware-prep.mdx,23,23,What should be ready before I run the host installer?,authored
beh-9b0fdcb866,behavior-claim,"Use Ubuntu 24.04 LTS for new installs when possible. Ubuntu 22.04 LTS also works and may be useful when a driver or operational constraint requires it. Confirm the OS works with your GPU driver, Docker, storage setup, and the Vast host installer before listing a production host.",source-owner,"Confirm with the owning code, product policy, or named stakeholder and record the source/date in Jira or the PR.",source-confirmation-required,,host/hardware-prep.mdx,45,45,What Ubuntu versions should hosts use?,authored
beh-11247b826e,behavior-claim,"Do not blindly copy old Ubuntu 22.04 cgroup-v1 workaround commands onto Ubuntu 24.04. Docker, kernel, and cgroup defaults differ by OS version; follow the current Vast host installer path for the OS you are actually using, and treat cgroup errors as install diagnostics to fix before listing.",source-owner,"Confirm with the owning code, product policy, or named stakeholder and record the source/date in Jira or the PR.",source-confirmation-required,,host/hardware-prep.mdx,47,47,What Ubuntu versions should hosts use?,authored
beh-a654b4826d,behavior-claim,Use a stable NVIDIA driver that supports your GPU and a CUDA runtime compatible with the Vast self-test image family. Verification requires CUDA-compatible driver/runtime support for CUDA 11.8 or newer. Verify GPU visibility and driver health with nvidia-smi before listing.,source-owner,"Confirm with the owning code, product policy, or named stakeholder and record the source/date in Jira or the PR.",source-confirmation-required,,host/hardware-prep.mdx,52,52,What NVIDIA driver version should I use?,authored
beh-6786f48b56,behavior-claim,Do not accept a changed fingerprint if you cannot explain why it changed.,source-owner,"Confirm with the owning code, product policy, or named stakeholder and record the source/date in Jira or the PR.",source-confirmation-required,,host/headless-install.mdx,27,27,First SSH Connection After Provisioning,authored
beh-dff9b07d23,behavior-claim,"For SSH-only installs, use noninteractive apt-get so provider image config prompts do not block the session:",source-owner,"Confirm with the owning code, product policy, or named stakeholder and record the source/date in Jira or the PR.",source-confirmation-required,,host/headless-install.mdx,31,31,Step 1: Update The System,authored
beh-dd9f3e3b62,behavior-claim,"The steps below wipe the target drive. If your OS is on /dev/nvme0n1, do not use that device. Check with lsblk first.",source-owner,"Confirm with the owning code, product policy, or named stakeholder and record the source/date in Jira or the PR.",source-confirmation-required,,host/headless-install.mdx,129,129,Step 5: Mount NVMe For Docker Storage,authored
beh-f4cc9c34e1,behavior-claim,"Find the NVMe, partition, RAID device, or LVM volume to use for Docker. It must be separate from the OS filesystem or intentionally reserved for Docker. Some bare-metal providers create a /data0 mount; only reuse it if you have confirmed it is empty or disposable.",source-owner,"Confirm with the owning code, product policy, or named stakeholder and record the source/date in Jira or the PR.",source-confirmation-required,,host/headless-install.mdx,141,141,Step 5: Mount NVMe For Docker Storage,authored
beh-33038ffcf2,behavior-claim,Do not use mkfs.ext4: Vast requires XFS for per-container storage quotas.,source-owner,"Confirm with the owning code, product policy, or named stakeholder and record the source/date in Jira or the PR.",source-confirmation-required,,host/headless-install.mdx,165,165,Step 5: Mount NVMe For Docker Storage,authored
beh-80b02369d5,behavior-claim,auto | Mount automatically at boot.,source-owner,"Confirm with the owning code, product policy, or named stakeholder and record the source/date in Jira or the PR.",source-confirmation-required,,host/headless-install.mdx,190,190,Step 5: Mount NVMe For Docker Storage,authored
beh-d71975c4e4,behavior-claim,"You should see the NVMe or LVM volume mounted at /var/lib/docker with the correct size. The mount must be XFS with pquota or prjquota, and project quota accounting/enforcement must be ON.",source-owner,"Confirm with the owning code, product policy, or named stakeholder and record the source/date in Jira or the PR.",source-confirmation-required,,host/headless-install.mdx,203,203,Step 5: Mount NVMe For Docker Storage,authored
beh-82272bb4de,behavior-claim,"The wizard should validate account access, drivers, hardware, storage, ports, network speed, installation, and self-test readiness. Do not reuse old wget/python3 install commands from notes, screenshots, third-party guides, or another account. The setup-page machine installation key is not the same as a normal Vast API key.",source-owner,"Confirm with the owning code, product policy, or named stakeholder and record the source/date in Jira or the PR.",source-confirmation-required,,host/headless-install.mdx,223,223,Step 7: Install The Vast Host Software,authored
beh-f9f591735a,behavior-claim,"If the SSH terminal cannot drive the TUI reliably, use the raw installer as a headless fallback. Include both the prepared Docker storage device and the direct port range:",source-owner,"Confirm with the owning code, product policy, or named stakeholder and record the source/date in Jira or the PR.",source-confirmation-required,,host/headless-install.mdx,225,225,Step 7: Install The Vast Host Software,authored
beh-9e5b283e8b,behavior-claim,## Step 8: Configure GRUB Only When Needed,source-owner,"Confirm with the owning code, product policy, or named stakeholder and record the source/date in Jira or the PR.",source-confirmation-required,,host/headless-install.mdx,239,239,Step 8: Configure GRUB Only When Needed,authored
beh-f710360c5f,behavior-claim,"Do not change kernel boot parameters during a normal Docker-only install unless you are fixing a specific driver problem or enabling VM support. If you are preparing VM support, edit /etc/default/grub and add the VM-related options for your CPU platform:",source-owner,"Confirm with the owning code, product policy, or named stakeholder and record the source/date in Jira or the PR.",source-confirmation-required,,host/headless-install.mdx,241,241,Step 8: Configure GRUB Only When Needed,authored
beh-9876e83bc4,behavior-claim,"If the installer reports an NVML error, treat it as an NVIDIA driver/library mismatch or GPU driver health issue. Plan downtime, reboot first, then reinstall or repair the NVIDIA driver stack if the mismatch remains.",source-owner,"Confirm with the owning code, product policy, or named stakeholder and record the source/date in Jira or the PR.",source-confirmation-required,,host/headless-install.mdx,275,275,Step 10: Fix NVML Error If Needed,authored
beh-809baca1ce,behavior-claim,"2. Run the self-test from any machine with the CLI: How to Self-Test. If the installer starts the self-test automatically, it may wait about 10 minutes for the daemon to initialize; watch /var/lib/vastai_kaalia/self_test.log.",source-owner,"Confirm with the owning code, product policy, or named stakeholder and record the source/date in Jira or the PR.",source-confirmation-required,,host/headless-install.mdx,304,304,"Step 12: List, Self-Test, And Monitor",authored
beh-9e9b09a5cc,behavior-claim,"3. If you run self-test from the same network as the host, your router must allow loopback (NAT hairpinning). Otherwise, run it from a cloud VM or a mobile connection.",source-owner,"Confirm with the owning code, product policy, or named stakeholder and record the source/date in Jira or the PR.",source-confirmation-required,,host/headless-install.mdx,305,305,"Step 12: List, Self-Test, And Monitor",authored
beh-e9263072bd,behavior-claim,"This page covers the host-specific parts: machine ownership, install context, machine permissions, earnings, payouts, invoice information, escalation contacts, and wrong-account recovery. If the team does not exist yet, create it first, then return here before installing or registering host machines under that team.",source-owner,"Confirm with the owning code, product policy, or named stakeholder and record the source/date in Jira or the PR.",source-confirmation-required,,host/host-teams.mdx,18,18,Introduction,authored
beh-57ef482b78,behavior-claim,"Do not assume that switching context moves existing machines, active rentals, earnings, or payout history. If you need to move an existing host operation from an individual account to a team, contact Vast support before changing install keys, deleting machines, or reinstalling the daemon.",source-owner,"Confirm with the owning code, product policy, or named stakeholder and record the source/date in Jira or the PR.",source-confirmation-required,,host/host-teams.mdx,68,68,Machines And Teams,authored
beh-f827086758,behavior-claim,"Do not reuse a setup command copied from a personal account, another team, an old note, shell history, or a screenshot. Setup commands can include account-specific machine installation keys. See Installing Host Software.",source-owner,"Confirm with the owning code, product policy, or named stakeholder and record the source/date in Jira or the PR.",source-confirmation-required,,host/host-teams.mdx,82,82,Install In The Right Context,authored
beh-a300f771fd,behavior-claim,"Billing/Earning Read | Allows earnings, invoices, and payout-history visibility. Grant only when the operator needs business or accounting visibility.",source-owner,"Confirm with the owning code, product policy, or named stakeholder and record the source/date in Jira or the PR.",source-confirmation-required,,host/host-teams.mdx,100,100,Machine Roles,authored
beh-9f7a7a2f3e,behavior-claim,"Require 2FA | The role editor can require 2FA for the whole role, or for selected permissions. Use this for roles that can change machines, billing, payouts, or team membership.",source-owner,"Confirm with the owning code, product policy, or named stakeholder and record the source/date in Jira or the PR.",source-confirmation-required,,host/host-teams.mdx,103,103,Machine Roles,authored
beh-6f2a59e6b0,behavior-claim,Pre-populated member | Lower-access role for team members who do not need to change host-machine state. Confirm whether Machines Read is enabled if they need visibility.,source-owner,"Confirm with the owning code, product policy, or named stakeholder and record the source/date in Jira or the PR.",source-confirmation-required,,host/host-teams.mdx,105,105,Machine Roles,authored
beh-34855d6fc5,behavior-claim,"Before assigning a role that requires 2FA, make sure the operator has 2FA configured on their personal account. See Two-factor authentication.",source-owner,"Confirm with the owning code, product policy, or named stakeholder and record the source/date in Jira or the PR.",source-confirmation-required,,host/host-teams.mdx,113,113,Machine Roles,authored
beh-4f0534e887,behavior-claim,"If a host command returns 403, machine_api_key does not have machine registration rights, or another permission error, check that the key was created in the team context and that the role grants the needed machine permission. See Manage API keys and API Permissions.",source-owner,"Confirm with the owning code, product policy, or named stakeholder and record the source/date in Jira or the PR.",source-confirmation-required,,host/host-teams.mdx,128,128,API Keys For Host Teams,authored
beh-f31dac7024,behavior-claim,"The CLI does not have a separate Host Teams mode. It acts through whichever API key you configure with vastai set api-key, pass with --api-key, or expose as VAST_API_KEY. For host-team automation, use a key that belongs to the intended team account and has the required team, machine, or billing permissions. Keep personal-account keys separate from team host-operation keys.",source-owner,"Confirm with the owning code, product policy, or named stakeholder and record the source/date in Jira or the PR.",source-confirmation-required,,host/host-teams.mdx,134,134,Vast CLI For Host Teams,authored
beh-6611a3963d,behavior-claim,"Delete the team | vastai destroy team | Permanently remove the team. Do not use this while the team owns active host machines, unresolved rentals, payout history, or billing records that need to be preserved.",source-owner,"Confirm with the owning code, product policy, or named stakeholder and record the source/date in Jira or the PR.",source-confirmation-required,,host/host-teams.mdx,141,141,Vast CLI For Host Teams,authored
beh-6c03012592,behavior-claim,"Manage members | vastai show members, vastai invite member, vastai remove member | List operators, invite an operator with a role, or remove access. Requires the team key or user role to allow team administration.",source-owner,"Confirm with the owning code, product policy, or named stakeholder and record the source/date in Jira or the PR.",source-confirmation-required,,host/host-teams.mdx,142,142,Vast CLI For Host Teams,authored
beh-a59b57684c,behavior-claim,"Operate machines | vastai list machines, vastai unlist machine, vastai set min-bid, vastai schedule maint, vastai cancel maint | List, unlist, price, and schedule maintenance for team-owned machines. Requires machine write access.",source-owner,"Confirm with the owning code, product policy, or named stakeholder and record the source/date in Jira or the PR.",source-confirmation-required,,host/host-teams.mdx,146,146,Vast CLI For Host Teams,authored
beh-8a9071dab6,behavior-claim,"Review earnings and market context | vastai show earnings, vastai metrics gpu, vastai metrics gpu-trends, vastai metrics gpu-locations | Review team machine earnings and compare GPU pricing or demand. Earnings visibility requires billing read access.",source-owner,"Confirm with the owning code, product policy, or named stakeholder and record the source/date in Jira or the PR.",source-confirmation-required,,host/host-teams.mdx,148,148,Vast CLI For Host Teams,authored
beh-168deea189,behavior-claim,The payout account is configured on the team account. Individual members do not receive separate payouts for team-owned machine rentals.,source-owner,"Confirm with the owning code, product policy, or named stakeholder and record the source/date in Jira or the PR.",source-confirmation-required,,host/host-teams.mdx,165,165,Earnings And Payouts,authored
beh-e3ede4321d,behavior-claim,"Edit Team Name | Changes the team display name. It does not move machines, API keys, earnings, or payout setup.",source-owner,"Confirm with the owning code, product policy, or named stakeholder and record the source/date in Jira or the PR.",source-confirmation-required,,host/host-teams.mdx,201,201,Team Owner Actions,authored
beh-22fdccd58d,behavior-claim,Transfer Team Ownership | Reassigns ownership to an existing team member. The current owner cannot undo the transfer by themselves after confirmation. Decide whether billing and payment information should be cleared before transferring ownership.,source-owner,"Confirm with the owning code, product policy, or named stakeholder and record the source/date in Jira or the PR.",source-confirmation-required,,host/host-teams.mdx,202,202,Team Owner Actions,authored
beh-2201d95acb,behavior-claim,"Delete Team | Permanently removes the team and its members, and returns remaining credits to the owner's personal account. Do not use this to move machines, payout history, or earnings between accounts.",source-owner,"Confirm with the owning code, product policy, or named stakeholder and record the source/date in Jira or the PR.",source-confirmation-required,,host/host-teams.mdx,203,203,Team Owner Actions,authored
beh-b380aa2cde,behavior-claim,"Before deleting a host team, unlist or remove team-owned machines as appropriate, honor active rentals and storage obligations, and confirm whether earnings, payout history, or billing records must be preserved. If the team owns active host machines or unresolved payout history, contact Vast support before deleting the team.",source-owner,"Confirm with the owning code, product policy, or named stakeholder and record the source/date in Jira or the PR.",source-confirmation-required,,host/host-teams.mdx,214,214,Team Owner Actions,authored
beh-ac2257bb7b,behavior-claim,"- Require 2FA for roles that can change machine state, billing, payouts, or team membership.",source-owner,"Confirm with the owning code, product policy, or named stakeholder and record the source/date in Jira or the PR.",source-confirmation-required,,host/host-teams.mdx,228,228,Recommended Business Setup,authored
beh-7029f21f13,behavior-claim,"Install command contains undefined or uses an unexpected host/account ID | Setup page generated a command from the wrong or incomplete context. | Switch to the intended team, refresh the setup page, complete any agreement flow, and copy a fresh command. Contact support if it still generates incorrectly.",source-owner,"Confirm with the owning code, product policy, or named stakeholder and record the source/date in Jira or the PR.",source-confirmation-required,,host/host-teams.mdx,242,242,Wrong Context Troubleshooting,authored
beh-f5da8cb32d,behavior-claim,"Machine appears under the individual account instead of the team | The install command or API key came from the personal account context. | Do not keep listing from the wrong account. If there are no active rentals, prepare to re-register under the team context or ask support about the supported migration path.",source-owner,"Confirm with the owning code, product policy, or named stakeholder and record the source/date in Jira or the PR.",source-confirmation-required,,host/host-teams.mdx,243,243,Wrong Context Troubleshooting,authored
beh-671fcac072,behavior-claim,"Existing rigs and payout history need to move from individual to team | Existing machines, earnings, and payout history may require account-level migration support. | Contact support before deleting, reinstalling, or changing payout setup. Include machine IDs, account email, intended team, and whether active rentals exist.",source-owner,"Confirm with the owning code, product policy, or named stakeholder and record the source/date in Jira or the PR.",source-confirmation-required,,host/host-teams.mdx,244,244,Wrong Context Troubleshooting,authored
beh-d80764e5aa,behavior-claim,"403 or machine_api_key does not have machine registration rights | The key or role lacks machine_write, or the key was created in personal context. | Create or select a team-context key with machine_read and machine_write, then rerun from the intended context.",source-owner,"Confirm with the owning code, product policy, or named stakeholder and record the source/date in Jira or the PR.",source-confirmation-required,,host/host-teams.mdx,245,245,Wrong Context Troubleshooting,authored
beh-759333007d,behavior-claim,"Renter data and workloads are off-limits: do not stop, inspect, modify, or interfere with renter containers, and do not access renter files except where a documented platform or support process requires it. The operational rules are summarized in Workload Policy.",source-owner,"Confirm with the owning code, product policy, or named stakeholder and record the source/date in Jira or the PR.",source-confirmation-required,,host/hosting-agreement.mdx,42,42,Data isolation,authored
beh-94848c153c,behavior-claim,"Vast does not provide setup support for getting a machine working. For community help, connect your host account to Discord and use the host-only channels.",source-owner,"Confirm with the owning code, product policy, or named stakeholder and record the source/date in Jira or the PR.",source-confirmation-required,,host/hosting-overview.mdx,25,25,Introduction,authored
beh-264d436823,behavior-claim,"Renters expect cloud-like availability. During an active rental, assume the GPUs may be used heavily and continuously. Power, cooling, internet, drivers, storage, and the host daemon must stay healthy for the full rental period.",source-owner,"Confirm with the owning code, product policy, or named stakeholder and record the source/date in Jira or the PR.",source-confirmation-required,,host/hosting-overview.mdx,48,48,Host Commitment,authored
beh-7248ff4634,behavior-claim,"Do not run local gaming, mining, display workloads, or other GPU jobs on a rented machine. For policy context, see Workload Policy.",source-owner,"Confirm with the owning code, product policy, or named stakeholder and record the source/date in Jira or the PR.",source-confirmation-required,,host/hosting-overview.mdx,50,50,Host Commitment,authored
beh-c0a0801c34,behavior-claim,Existing contracts cannot be changed by editing the offer. That means:,source-owner,"Confirm with the owning code, product policy, or named stakeholder and record the source/date in Jira or the PR.",source-confirmation-required,,host/hosting-overview.mdx,72,72,The Rental Contract,authored
beh-7df6481b4f,behavior-claim,- The machine must stay available until the latest active rental end date.,source-owner,"Confirm with the owning code, product policy, or named stakeholder and record the source/date in Jira or the PR.",source-confirmation-required,,host/hosting-overview.mdx,77,77,The Rental Contract,authored
beh-803d4447ac,behavior-claim,"Volume offers rent storage space separately from GPU offers. Rented volume space comes from the same disk pool used by GPU rentals, so it reduces storage available for GPU offers only when actually rented or occupied.",source-owner,"Confirm with the owning code, product policy, or named stakeholder and record the source/date in Jira or the PR.",source-confirmation-required,,host/hosting-overview.mdx,107,107,Volume Offers,authored
beh-328e4dd034,behavior-claim,Volume offer end dates must align with GPU offer end dates. Unlisting the machine also unlists its volume offers.,source-owner,"Confirm with the owning code, product policy, or named stakeholder and record the source/date in Jira or the PR.",source-confirmation-required,,host/hosting-overview.mdx,109,109,Volume Offers,authored
beh-87b5cfedd0,behavior-claim,"Passing self-test makes a machine eligible for verification. It does not guarantee verification, search placement, or rentals.",source-owner,"Confirm with the owning code, product policy, or named stakeholder and record the source/date in Jira or the PR.",source-confirmation-required,,host/how-to-self-test.mdx,17,17,Introduction,authored
beh-6d85c31988,behavior-claim,Hyperthreads and logical CPUs do not count as physical cores.,source-owner,"Confirm with the owning code, product policy, or named stakeholder and record the source/date in Jira or the PR.",source-confirmation-required,,host/how-to-self-test.mdx,64,64,What Self-Test Checks,authored
beh-0d9ff17729,behavior-claim,Do not paste API keys or account-specific commands into public channels.,source-owner,"Confirm with the owning code, product policy, or named stakeholder and record the source/date in Jira or the PR.",source-confirmation-required,,host/how-to-self-test.mdx,89,89,Run The Test,authored
beh-36c10090a1,behavior-claim,"The installer can start self-test automatically after the daemon comes online. On a fresh host, it may wait about 10 minutes before listing the machine and starting the temporary diagnostic instance.",source-owner,"Confirm with the owning code, product policy, or named stakeholder and record the source/date in Jira or the PR.",source-confirmation-required,,host/how-to-self-test.mdx,110,110,Fresh Install Self-Test,authored
beh-a31d61b0df,behavior-claim,"If reliability is still <= 0.90, the installer may run with --ignore-requirements as a diagnostic. That does not qualify the machine for verification.",source-owner,"Confirm with the owning code, product policy, or named stakeholder and record the source/date in Jira or the PR.",source-confirmation-required,,host/how-to-self-test.mdx,118,118,Fresh Install Self-Test,authored
beh-ecb2335a4f,behavior-claim,Use --ignore-requirements only to diagnose rentability or runtime behavior. A pass in this mode does not mean the machine meets verification requirements.,source-owner,"Confirm with the owning code, product policy, or named stakeholder and record the source/date in Jira or the PR.",source-confirmation-required,,host/how-to-self-test.mdx,122,122,Ignore Requirements Mode,authored
beh-f4ddf8e2c9,behavior-claim,"Complete Hardware Prep, Storage Setup, and Network & Ports. Your account must be host-enabled and the hosting agreement accepted; see Host Account and Agreement.",source-owner,"Confirm with the owning code, product policy, or named stakeholder and record the source/date in Jira or the PR.",source-confirmation-required,,host/installing-host-software.mdx,22,22,Before You Install,authored
beh-9ff948e0e4,behavior-claim,"The command can include an account-specific machine installation key. Do not reuse commands from old notes, shell history, screenshots, third-party guides, or another account. A regular API key is not a setup-page installation key.",source-owner,"Confirm with the owning code, product policy, or named stakeholder and record the source/date in Jira or the PR.",source-confirmation-required,,host/installing-host-software.mdx,29,29,Install Command,authored
beh-f618f83d05,behavior-claim,"Use the TUI when possible. If the SSH terminal cannot drive it reliably, use the raw installer only after the host is already prepared:",source-owner,"Confirm with the owning code, product policy, or named stakeholder and record the source/date in Jira or the PR.",source-confirmation-required,,host/installing-host-software.mdx,63,63,Headless Fallback,authored
beh-b7488793f1,behavior-claim,Replace the device and port range with your host values. Use --no-driver only after verifying the NVIDIA driver yourself. Do not reset machine identity unless Vast support tells you to.,source-owner,"Confirm with the owning code, product policy, or named stakeholder and record the source/date in Jira or the PR.",source-confirmation-required,,host/installing-host-software.mdx,85,85,Headless Fallback,authored
beh-aab3df9dcb,behavior-claim,"Refresh the setup page, copy a fresh command, confirm host account access, and rerun the wizard. Use the wizard error, installer log, and daemon logs to decide what to fix.",source-owner,"Confirm with the owning code, product policy, or named stakeholder and record the source/date in Jira or the PR.",source-confirmation-required,,host/installing-host-software.mdx,103,103,Install Failures,authored
beh-8ec18d0d09,behavior-claim,1. Truncated or mangled setup key. Always copy the full command with the setup page's copy button; a partial paste fails authentication. Get a fresh command and rerun.,source-owner,"Confirm with the owning code, product policy, or named stakeholder and record the source/date in Jira or the PR.",source-confirmation-required,,host/installing-host-software.mdx,110,110,Daemon identify or API 4xx errors,authored
beh-f140f78d49,behavior-claim,2. Expired setup key. Setup commands are single-use and expire. Refresh the setup page and copy a fresh command — do not rerun an old one from shell history.,source-owner,"Confirm with the owning code, product policy, or named stakeholder and record the source/date in Jira or the PR.",source-confirmation-required,,host/installing-host-software.mdx,111,111,Daemon identify or API 4xx errors,authored
beh-dde4c03351,behavior-claim,The installer may start self-test automatically. On a fresh host it can wait about 10 minutes for daemon initialization:,source-owner,"Confirm with the owning code, product policy, or named stakeholder and record the source/date in Jira or the PR.",source-confirmation-required,,host/installing-host-software.mdx,139,139,After Install,authored
beh-7ca4f24b3a,behavior-claim,"Use this page when the Machines page shows a red machine error or a host-facing runtime message. Start with the exact text shown in the console, fix the likely host-side cause, then allow the platform to refresh the machine state.",source-owner,"Confirm with the owning code, product policy, or named stakeholder and record the source/date in Jira or the PR.",source-confirmation-required,,host/machine-errors.mdx,13,13,Introduction,authored
beh-ac623c0beb,behavior-claim,"Do not reset machine identity, force-refresh machine specs with internal scripts, or delete renter data as a first response. If the page state looks wrong after the host is healthy, collect logs and escalate to Vast support.",source-owner,"Confirm with the owning code, product policy, or named stakeholder and record the source/date in Jira or the PR.",source-confirmation-required,,host/machine-errors.mdx,16,16,Introduction,authored
beh-481de4ab8f,behavior-claim,Errors have different impact levels. Some de-verify the whole machine and take it off the market until the error clears. Some only disable VM GPU-passthrough offers while container rentals can remain listed. Some are logged against a single rental attempt and do not change the machine's listing state by themselves.,source-owner,"Confirm with the owning code, product policy, or named stakeholder and record the source/date in Jira or the PR.",source-confirmation-required,,host/machine-errors.mdx,23,23,What Machine Errors Mean,authored
beh-177318315c,behavior-claim,Resolved errors may take time to clear because the host daemon and platform need to observe healthy state again. Do not assume immediate clearing after a single fix or reboot.,source-owner,"Confirm with the owning code, product policy, or named stakeholder and record the source/date in Jira or the PR.",source-confirmation-required,,host/machine-errors.mdx,25,25,What Machine Errors Mean,authored
beh-a8bc233638,behavior-claim,"Machine de-verified | The machine is marked unverified and taken off the market until the error clears. | Port networking issues, Docker/NVIDIA runtime errors, GPU PCIe/ECC faults, Docker daemon unavailable, XFS project quota errors | Fix the host-side cause, verify the host is healthy, then allow the platform to refresh.",source-owner,"Confirm with the owning code, product policy, or named stakeholder and record the source/date in Jira or the PR.",source-confirmation-required,,host/machine-errors.mdx,35,35,Listing Impact,authored
beh-e58b74b78d,behavior-claim,"Logged only | The message is recorded against a specific rental attempt and does not de-verify or unlist the machine by itself. | Container create, build, volume, template-update, or secrets-service messages | Use the message as support context if the rental failed or repeats.",source-owner,"Confirm with the owning code, product policy, or named stakeholder and record the source/date in Jira or the PR.",source-confirmation-required,,host/machine-errors.mdx,37,37,Listing Impact,authored
beh-5c09bafbf8,behavior-claim,Cannot connect to the Docker daemon | Docker daemon unavailable | Docker daemon unavailable,source-owner,"Confirm with the owning code, product policy, or named stakeholder and record the source/date in Jira or the PR.",source-confirmation-required,,host/machine-errors.mdx,50,50,Quick Lookup,authored
beh-2306eaf5ee,behavior-claim,Unable to determine the device handle for | GPU disappeared or cannot be enumerated | GPU missing or unhealthy,source-owner,"Confirm with the owning code, product policy, or named stakeholder and record the source/date in Jira or the PR.",source-confirmation-required,,host/machine-errors.mdx,53,53,Quick Lookup,authored
beh-f4ddbccd69,behavior-claim,"IOMMU, GDM, machine does not support VMs, VM memory preflight, or VM secrets HTTP 401 | VM host support | VM offer errors",source-owner,"Confirm with the owning code, product policy, or named stakeholder and record the source/date in Jira or the PR.",source-confirmation-required,,host/machine-errors.mdx,62,62,Quick Lookup,authored
beh-e1c5582b18,behavior-claim,TCP-only forwarding can make web or progress checks pass while UDP workloads fail. The direct port range must forward both TCP and UDP.,source-owner,"Confirm with the owning code, product policy, or named stakeholder and record the source/date in Jira or the PR.",source-confirmation-required,,host/machine-errors.mdx,83,83,TCP Works But UDP Fails,authored
beh-c17a772a8b,behavior-claim,"If Docker cannot inject GPUs into a normal container, fix driver/runtime/GPU health before listing again. See Host Diagnostics: Failed To Inject CDI Devices.",source-owner,"Confirm with the owning code, product policy, or named stakeholder and record the source/date in Jira or the PR.",source-confirmation-required,,host/machine-errors.mdx,104,104,NVIDIA Container Runtime,authored
beh-0f95fda563,behavior-claim,"If both fail, investigate driver, NVML, PCIe, Xid, and Docker/NVIDIA runtime health. Do not assume a CDI regeneration command fixes the underlying issue.",source-owner,"Confirm with the owning code, product policy, or named stakeholder and record the source/date in Jira or the PR.",source-confirmation-required,,host/machine-errors.mdx,118,118,CDI Device Injection,authored
beh-9ea520ddd9,behavior-claim,unknown or invalid runtime nvidia usually means Docker cannot use the NVIDIA runtime.,source-owner,"Confirm with the owning code, product policy, or named stakeholder and record the source/date in Jira or the PR.",source-confirmation-required,,host/machine-errors.mdx,123,123,Docker Runtime Configuration,authored
beh-35e3ca7d5d,behavior-claim,Cannot connect to the Docker daemon means the host software could not talk to Docker.,source-owner,"Confirm with the owning code, product policy, or named stakeholder and record the source/date in Jira or the PR.",source-confirmation-required,,host/machine-errors.mdx,141,141,Docker Daemon Unavailable,authored
beh-3d6964e97d,behavior-claim,"Check that nvidia-smi works on the host, Docker GPU injection works, the NVIDIA driver supports the CUDA runtime used by the image, and no GPU is missing or unhealthy. Verification requires CUDA-compatible driver/runtime support for CUDA 11.8 or newer.",source-owner,"Confirm with the owning code, product policy, or named stakeholder and record the source/date in Jira or the PR.",source-confirmation-required,,host/machine-errors.mdx,209,209,CUDA Unavailable,authored
beh-d5289f483a,behavior-claim,"On HGX, DGX, or other NVSwitch systems, also check Fabric Manager/NVLSM on the host. The self-test container can show NCCL symptoms, but it cannot prove host service state:",source-owner,"Confirm with the owning code, product policy, or named stakeholder and record the source/date in Jira or the PR.",source-confirmation-required,,host/machine-errors.mdx,218,218,NCCL Failed,authored
beh-f807779713,behavior-claim,"Vast uses Docker storage quotas for renter containers. Do not bypass the error by removing Docker quota settings. Move or remount /var/lib/docker onto the intended XFS filesystem, enable pquota or prjquota in /etc/fstab, verify quota state, then restart Docker and host software.",source-owner,"Confirm with the owning code, product policy, or named stakeholder and record the source/date in Jira or the PR.",source-confirmation-required,,host/machine-errors.mdx,234,234,XFS Project Quota Error,authored
beh-9e680d7326,behavior-claim,"Do not manually delete renter data. For expired or deleted rentals that did not release storage, use vastai cleanup machine.",source-owner,"Confirm with the owning code, product policy, or named stakeholder and record the source/date in Jira or the PR.",source-confirmation-required,,host/machine-errors.mdx,251,251,Full Client Storage,authored
beh-d0dded11b7,behavior-claim,"A red machine error means the host software or platform detected a machine-health, network, storage, driver, container, VM, or policy issue. Fix the specific cause first, then allow the platform to refresh.",source-owner,"Confirm with the owning code, product policy, or named stakeholder and record the source/date in Jira or the PR.",source-confirmation-required,,host/machine-errors.mdx,265,265,Generic Red Machine Error,authored
beh-bf45ce724b,behavior-claim,"If the host looks healthy but the console state remains wrong, collect logs and escalate to Vast support. Do not assume support can manually verify ordinary machines; verification and most eligibility checks are automated.",source-owner,"Confirm with the owning code, product policy, or named stakeholder and record the source/date in Jira or the PR.",source-confirmation-required,,host/machine-errors.mdx,267,267,Generic Red Machine Error,authored
beh-f9e8dfabb1,behavior-claim,"Do not try to clear this by resetting machine identity or running internal scripts. Review the visible console message, collect host logs and recent-change details, then follow up with Vast support.",source-owner,"Confirm with the owning code, product policy, or named stakeholder and record the source/date in Jira or the PR.",source-confirmation-required,,host/machine-errors.mdx,274,274,Admin-Set Machine Error,authored
beh-c1922d50bb,behavior-claim,"VM-related messages can disable VM GPU-passthrough offers while leaving ordinary container rentals listed. These errors clear after the underlying condition is fixed and the machine reports clean state again, but exact timing can vary.",source-owner,"Confirm with the owning code, product policy, or named stakeholder and record the source/date in Jira or the PR.",source-confirmation-required,,host/machine-errors.mdx,280,280,VM Offer Errors,authored
beh-162e8dc673,behavior-claim,Error: machine does not support VMs. | A VM failed because hardware virtualization or IOMMU is not enabled or available. | Enable Intel VT-d or AMD-Vi/IOMMU in BIOS if the hardware supports it.,source-owner,"Confirm with the owning code, product policy, or named stakeholder and record the source/date in Jira or the PR.",source-confirmation-required,,host/machine-errors.mdx,286,286,VM Offer Errors,authored
beh-d7e7fe293d,behavior-claim,"Error: Unexpected configuration change; cannot assign GPUs to VMs. | GPU IOMMU grouping changed since verification. | Review BIOS, kernel, driver, and GPU-slot changes made after listing.",source-owner,"Confirm with the owning code, product policy, or named stakeholder and record the source/date in Jira or the PR.",source-confirmation-required,,host/machine-errors.mdx,287,287,VM Offer Errors,authored
beh-8c42b88876,behavior-claim,Error: Machine incompatible with VMs after host change. Please destroy the instance and find a new machine. | Host configuration changed and the machine no longer meets VM-passthrough prerequisites. | Treat this as VM-specific incompatibility; do not reset machine identity to work around it.,source-owner,"Confirm with the owning code, product policy, or named stakeholder and record the source/date in Jira or the PR.",source-confirmation-required,,host/machine-errors.mdx,288,288,VM Offer Errors,authored
beh-429aa09a73,behavior-claim,Secrets fetch failed: machine authentication denied (HTTP 401) | Machine credentials were rejected while fetching instance secrets. | Collect logs and escalate if it repeats; do not use machine-ID reset workflows.,source-owner,"Confirm with the owning code, product policy, or named stakeholder and record the source/date in Jira or the PR.",source-confirmation-required,,host/machine-errors.mdx,290,290,VM Offer Errors,authored
beh-f45021fc04,behavior-claim,Some messages are logged against a specific rental attempt and do not change the machine's verification or listing by themselves. They can still explain why a specific rental failed.,source-owner,"Confirm with the owning code, product policy, or named stakeholder and record the source/date in Jira or the PR.",source-confirmation-required,,host/machine-errors.mdx,298,298,Rental-Attempt Messages,authored
beh-7f4cde0f9a,behavior-claim,Error: Requested volume does not exist: | The requested storage volume was deleted or never existed.,source-owner,"Confirm with the owning code, product policy, or named stakeholder and record the source/date in Jira or the PR.",source-confirmation-required,,host/machine-errors.mdx,304,304,Rental-Attempt Messages,authored
beh-444ce3394f,behavior-claim,"Wait until active rental contracts have ended, or until the machine has no running instances, before planned maintenance. Unlisting prevents new rental contracts, but it does not end existing contracts.",source-owner,"Confirm with the owning code, product policy, or named stakeholder and record the source/date in Jira or the PR.",source-confirmation-required,,host/maintenance-windows.mdx,18,18,Before Maintenance,authored
beh-130ddbc25a,behavior-claim,A single machine can have multiple active rental contracts from different clients. Do not take the machine offline until every active rental contract has ended.,source-owner,"Confirm with the owning code, product policy, or named stakeholder and record the source/date in Jira or the PR.",source-confirmation-required,,host/maintenance-windows.mdx,28,28,Before Maintenance,authored
beh-11a3a22f83,behavior-claim,"For planned work, set the offer end date to the maintenance date so new rentals do not run past your planned downtime. Existing contracts keep their accepted end date, so choose a date that still honors the latest active rental.",source-owner,"Confirm with the owning code, product policy, or named stakeholder and record the source/date in Jira or the PR.",source-confirmation-required,,host/maintenance-windows.mdx,34,34,Planned Maintenance,authored
beh-b6b80106c5,behavior-claim,"If you must take the machine down unexpectedly, schedule a maintenance window so clients are notified and can save their work. The start date is Unix epoch seconds in UTC, and the duration is in hours.",source-owner,"Confirm with the owning code, product policy, or named stakeholder and record the source/date in Jira or the PR.",source-confirmation-required,,host/maintenance-windows.mdx,61,61,Schedule An Unplanned Window,authored
beh-65c0b763c2,behavior-claim,All Vast market metric methods require a host-enabled account. Some views also require the account to have at least one registered machine.,source-owner,"Confirm with the owning code, product policy, or named stakeholder and record the source/date in Jira or the PR.",source-confirmation-required,,host/market-metrics.mdx,16,16,Access,authored
beh-069af22c85,behavior-claim,"This is a better starting point than price alone because utilization matters. A GPU with a higher hourly price can still earn less if it is rented less often. Treat this as a rough gross compute estimate; it does not include storage, bandwidth, volume revenue, power, cooling, hardware cost, taxes, payout timing, or downtime.",source-owner,"Confirm with the owning code, product policy, or named stakeholder and record the source/date in Jira or the PR.",source-confirmation-required,,host/market-metrics.mdx,65,65,GPU Overview Income Estimate,authored
beh-61def46506,behavior-claim,"The forwarded router/firewall range must match the range configured in the host software. The 100-port guidance is practical headroom, not a self-test minimum.",source-owner,"Confirm with the owning code, product policy, or named stakeholder and record the source/date in Jira or the PR.",source-confirmation-required,,host/network-ports.mdx,26,26,Ports Per GPU,authored
beh-fb6fc6cde7,behavior-claim,"Vast instances need public inbound TCP and UDP reachability. CGNAT, double NAT without a real public forwarding path, many residential Starlink setups, incompatible IPv6-only service, blocked inbound ports, or no public inbound IP are not supported for hosting because renters and self-test must be able to reach the machine directly.",source-owner,"Confirm with the owning code, product policy, or named stakeholder and record the source/date in Jira or the PR.",source-confirmation-required,,host/network-ports.mdx,56,56,"CGNAT, Starlink, IPv6-Only, Or No Public IP",authored
beh-74a2a545a3,behavior-claim,"Compare your router WAN IP with your public IP and test from outside the LAN. If the router does not have a public inbound address or cannot forward the configured ports to the host, use a network connection that provides public inbound connectivity before listing the machine.",source-owner,"Confirm with the owning code, product policy, or named stakeholder and record the source/date in Jira or the PR.",source-confirmation-required,,host/network-ports.mdx,58,58,"CGNAT, Starlink, IPv6-Only, Or No Public IP",authored
beh-08cff3606c,behavior-claim,Use this page when a machine is listed but does not appear where you expect in marketplace search.,source-owner,"Confirm with the owning code, product policy, or named stakeholder and record the source/date in Jira or the PR.",source-confirmation-required,,host/not-in-search.mdx,15,15,Introduction,authored
beh-9f50b32bdd,behavior-claim,Open Account Settings and go to Notification Settings. Host events appear only when you provide machines on Vast.ai.,source-owner,"Confirm with the owning code, product policy, or named stakeholder and record the source/date in Jira or the PR.",source-confirmation-required,,host/notifications.mdx,27,27,Where to Find Notification Settings,authored
beh-32e4e40ebb,behavior-claim,4. Turn off email for any optional event you do not want in your inbox.,source-owner,"Confirm with the owning code, product policy, or named stakeholder and record the source/date in Jira or the PR.",source-confirmation-required,,host/notifications.mdx,42,42,Update Host Notifications in the Console,authored
beh-62d8bf58c7,behavior-claim,"Renters commonly filter by verification state, rental duration, and disk space. If your listing does not pass those filters, price alone will not make it visible to the renters you want.",source-owner,"Confirm with the owning code, product policy, or named stakeholder and record the source/date in Jira or the PR.",source-confirmation-required,,host/optimization-guide.mdx,20,20,Core Rule,authored
beh-806f17b4a7,behavior-claim,Machine is always rented | Testing a modest price increase,source-owner,"Confirm with the owning code, product policy, or named stakeholder and record the source/date in Jira or the PR.",source-confirmation-required,,host/optimization-guide.mdx,51,51,Price,authored
beh-a8c0cad233,behavior-claim,"If the floor is too high, GPUs may sit idle. If it is too low, interruptible work may not cover operating cost. Do not set the floor close to the on-demand price just because that is the price you hope to receive.",source-owner,"Confirm with the owning code, product policy, or named stakeholder and record the source/date in Jira or the PR.",source-confirmation-required,,host/optimization-guide.mdx,61,61,Interruptible Minimum Bid,authored
beh-52d64a8cb3,behavior-claim,"Do not let stopped instances, cached images, or rented volumes consume the disk needed for active rentals.",source-owner,"Confirm with the owning code, product policy, or named stakeholder and record the source/date in Jira or the PR.",source-confirmation-required,,host/optimization-guide.mdx,70,70,Disk And Bandwidth,authored
beh-b084f069ee,behavior-claim,Avoid setting every machine to 1 if it creates fragmentation you cannot fill. Avoid setting every machine to full-node only unless you know there is enough demand for that exact GPU class and configuration.,source-owner,"Confirm with the owning code, product policy, or named stakeholder and record the source/date in Jira or the PR.",source-confirmation-required,,host/optimization-guide.mdx,102,102,Min GPU,authored
beh-0ed8211560,behavior-claim,"- Highlight datacenter status, facility certifications, or compliance claims only when they are real and approved.",source-owner,"Confirm with the owning code, product policy, or named stakeholder and record the source/date in Jira or the PR.",source-confirmation-required,,host/optimization-guide.mdx,112,112,Keep The Listing Competitive,authored
beh-3db54dbb97,behavior-claim,Auto-extend | Should same-price or lower-price rentals continue automatically?,source-owner,"Confirm with the owning code, product policy, or named stakeholder and record the source/date in Jira or the PR.",source-confirmation-required,,host/optimization-guide.mdx,124,124,Quick Reference,authored
beh-880e5c9687,behavior-claim,"Paid means Vast submitted the payout to your selected provider. It does not guarantee that Wise, PayPal, or Stripe has completed settlement.",source-owner,"Confirm with the owning code, product policy, or named stakeholder and record the source/date in Jira or the PR.",source-confirmation-required,,host/payment.mdx,89,89,Why does my invoice show Paid when funds have not arrived?,authored
beh-68352987fa,behavior-claim,Invoices require both an active payout account and at least $20 in balance.,source-owner,"Confirm with the owning code, product policy, or named stakeholder and record the source/date in Jira or the PR.",source-confirmation-required,,host/payment.mdx,106,106,Why are invoices not generating?,authored
beh-637c582202,behavior-claim,"Expecting guaranteed verification or earnings | Eligibility does not guarantee search placement, rentals, or revenue.",source-owner,"Confirm with the owning code, product policy, or named stakeholder and record the source/date in Jira or the PR.",source-confirmation-required,,host/persona-decision-guide.mdx,39,39,Wait Or Reconsider,authored
beh-8b2241e97e,behavior-claim,What if I do not have a public IP? | Network & Ports,source-owner,"Confirm with the owning code, product policy, or named stakeholder and record the source/date in Jira or the PR.",source-confirmation-required,,host/persona-decision-guide.mdx,71,71,Common Questions,authored
beh-025c7d009f,behavior-claim,4. Set min_gpu/--min_chunk to 1 unless you have a reason to require larger rentals.,source-owner,"Confirm with the owning code, product policy, or named stakeholder and record the source/date in Jira or the PR.",source-confirmation-required,,host/pricing-your-listing.mdx,50,50,Starting Workflow,authored
beh-3927536d05,behavior-claim,Shorten offer end date | New contracts use the new date; active rental end dates do not shorten.,source-owner,"Confirm with the owning code, product policy, or named stakeholder and record the source/date in Jira or the PR.",source-confirmation-required,,host/pricing-your-listing.mdx,86,86,Changing Price Later,authored
beh-097012bd00,behavior-claim,Always rented | Test a modest increase for future contracts.,source-owner,"Confirm with the owning code, product policy, or named stakeholder and record the source/date in Jira or the PR.",source-confirmation-required,,host/pricing-your-listing.mdx,96,96,When To Adjust,authored
beh-1ca03c2b09,behavior-claim,"If you must take the machine offline, minimize the offline time. The score also takes the machine's average earnings into account: machines with lower earnings are penalized less for offline time.",source-owner,"Confirm with the owning code, product policy, or named stakeholder and record the source/date in Jira or the PR.",source-confirmation-required,,host/reliability-uptime.mdx,20,20,"Why does reliability drop after rentals, reboots, or disconnects?",authored
beh-7d3b961ccc,behavior-claim,"Reliability recovery depends on sustained stable operation and the machine's recent incident history. Some error messages can clear after the underlying issue is resolved, but reliability score recovery should not be treated as an instant reset. Keep the machine stable and error-free, then monitor the score over time.",source-owner,"Confirm with the owning code, product policy, or named stakeholder and record the source/date in Jira or the PR.",source-confirmation-required,,host/reliability-uptime.mdx,25,25,How quickly does reliability recover?,authored
beh-2f6be4f838,behavior-claim,"Do not use --ignore-requirements as a verification shortcut. It is only useful for advanced runtime validation, and the machine still needs enough direct ports for the runtime test to work.",source-owner,"Confirm with the owning code, product policy, or named stakeholder and record the source/date in Jira or the PR.",source-confirmation-required,,host/reliability-uptime.mdx,34,34,What should I do when reliability is at or below 0.9?,authored
beh-65b529dda0,behavior-claim,"Reliability does not directly determine verification state by itself. Verification is separate from the reliability score, but outages, failed starts, driver issues, network drops, or other instability can reduce reliability and may eventually contribute to deverification if the machine becomes unhealthy. Plan restarts around active contracts and use maintenance windows whenever possible.",source-owner,"Confirm with the owning code, product policy, or named stakeholder and record the source/date in Jira or the PR.",source-confirmation-required,,host/reliability-uptime.mdx,39,39,Will restarting lower reliability or remove verification?,authored
beh-e09ba2a91c,behavior-claim,- Do not take the machine offline during active rental contracts; plan work through Maintenance Windows.,source-owner,"Confirm with the owning code, product policy, or named stakeholder and record the source/date in Jira or the PR.",source-confirmation-required,,host/reliability-uptime.mdx,44,44,Preventing score drops,authored
beh-1b91e22492,behavior-claim,"Unlisting stops new rental contracts from being created, but it does not end existing contracts. Deleting or recreating a machine should only happen after active commitments and stored workloads are understood. Recreating may be useful after a failed install, stale record, or major hardware change, but do not use undocumented reset or recovery flags unless Vast support specifically instructs you to do so.",source-owner,"Confirm with the owning code, product policy, or named stakeholder and record the source/date in Jira or the PR.",source-confirmation-required,,host/removing-recreating-machines.mdx,20,20,"How do I unlist, delete, or recreate a machine?",authored
beh-aadddfc6cf,behavior-claim,"Hardware changes can affect verification, search visibility, offers, and client expectations. Reducing GPU count, RAM, disk, or advertised capacity can trigger deverification or contract problems. Adding or replacing GPUs may require the host daemon or backend to refresh machine specs, and you may need to rerun self-test. The same-GPU-type guideline still applies; see Supported Hardware.",source-owner,"Confirm with the owning code, product policy, or named stakeholder and record the source/date in Jira or the PR.",source-confirmation-required,,host/removing-recreating-machines.mdx,27,27,What changes when I swap GPUs or other hardware?,authored
beh-5ce5c7cc52,behavior-claim,"First inspect whether the machine has active contracts, stored instances or volumes, visible offers, or backend state preventing deletion. Use the normal unlist/delete/cleanup path only when safe. If a stale backend record remains after normal cleanup, collect the account context, screenshots or CLI output, and relevant logs, then contact Vast support.",source-owner,"Confirm with the owning code, product policy, or named stakeholder and record the source/date in Jira or the PR.",source-confirmation-required,,host/removing-recreating-machines.mdx,37,37,What should I do with a ghost machine?,authored
beh-f427e032ed,behavior-claim,"Do not edit this file by hand; update the Vast CLI/self-test source metadata, then regenerate.",generated-source,"Regenerate from exact Vast CLI and self-test revisions, then compare output and run their source tests.",generator-check-required,,host/self-test-reference.mdx,15,15,Introduction,generated-self-test
beh-4368b29246,behavior-claim,"Passing this self-test makes a machine eligible for verification, but it does not guarantee that the machine will be verified immediately. Verification also depends on ongoing health, reliability, supply and demand, and platform policy.",generated-source,"Regenerate from exact Vast CLI and self-test revisions, then compare output and run their source tests.",generator-check-required,,host/self-test-reference.mdx,25,25,Introduction,generated-self-test
beh-a52764dc27,behavior-claim,--ignore-requirements is for advanced runtime diagnostics only. A pass with requirement checks ignored does not qualify the machine for verification.,generated-source,"Regenerate from exact Vast CLI and self-test revisions, then compare output and run their source tests.",generator-check-required,,host/self-test-reference.mdx,29,29,Introduction,generated-self-test
beh-8113144d8b,behavior-claim,"Pass with --ignore-requirements | The runtime workload passed, but minimum requirement checks were skipped. This does not qualify the machine for verification. | Treat this as runtime validation only. Rerun without --ignore-requirements to see qualification status.",generated-source,"Regenerate from exact Vast CLI and self-test revisions, then compare output and run their source tests.",generator-check-required,,host/self-test-reference.mdx,41,41,How To Read The Result,generated-self-test
beh-d4a43f7081,behavior-claim,"If you use --ignore-requirements, still review any requirement diagnostics from a normal run. A runtime pass proves the container workload can run; it does not prove the machine meets the verification gate.",generated-source,"Regenerate from exact Vast CLI and self-test revisions, then compare output and run their source tests.",generator-check-required,,host/self-test-reference.mdx,44,44,How To Read The Result,generated-self-test
beh-6969d2ee52,behavior-claim,cpu.cores CPU cores | Required: Physical CPU cores >= listed GPUs | The tester expects at least one physical CPU core per listed GPU. Hyperthreads/logical CPUs do not count as physical cores. | Add physical CPU cores or reduce the listed GPU count for this offer.,generated-source,"Regenerate from exact Vast CLI and self-test revisions, then compare output and run their source tests.",generator-check-required,,host/self-test-reference.mdx,61,61,Preflight Checks,generated-self-test
beh-d8bbff8841,behavior-claim,- Keep TCP and UDP forwarding symmetric where your network setup requires both protocols.,generated-source,"Regenerate from exact Vast CLI and self-test revisions, then compare output and run their source tests.",generator-check-required,,host/self-test-reference.mdx,75,75,Direct Ports And Port Mapping,generated-self-test
beh-2b03a3ba98,behavior-claim,The CLI can report the external progress port it tested when that mapping is available. A full list of exactly which direct ports failed still requires backend or daemon-side exposure.,generated-source,"Regenerate from exact Vast CLI and self-test revisions, then compare output and run their source tests.",generator-check-required,,host/self-test-reference.mdx,80,80,Direct Ports And Port Mapping,generated-self-test
beh-40166a8a60,behavior-claim,"vastai/test:self-test-v2-cuda-13.0 | 2.11.0 | sm_75+ (Turing and newer); cu130 wheels never shipped sm_70 | linux/amd64, linux/arm64",generated-source,"Regenerate from exact Vast CLI and self-test revisions, then compare output and run their source tests.",generator-check-required,,host/self-test-reference.mdx,108,108,Self-test Image Selection,generated-self-test
beh-71df001916,behavior-claim,- Volta GPUs (compute_cap < 750) are capped at CUDA 12.8 because newer PyTorch CUDA 13 wheels do not include sm_70 support.,generated-source,"Regenerate from exact Vast CLI and self-test revisions, then compare output and run their source tests.",generator-check-required,,host/self-test-reference.mdx,114,114,Self-test Image Selection,generated-self-test
beh-b9d1da9913,behavior-claim,- The API key can authenticate but does not have permission to inspect the required host or offer state.,generated-source,"Regenerate from exact Vast CLI and self-test revisions, then compare output and run their source tests.",generator-check-required,,host/self-test-reference.mdx,146,146,Not Found Or Not Rentable,generated-self-test
beh-0a9c4a31d1,behavior-claim,"Start with the machine page in the Console. Check whether the host is online, listed, already rented, below the reliability gate, missing an active on-demand offer, or being viewed from an account that cannot see the host state.",generated-source,"Regenerate from exact Vast CLI and self-test revisions, then compare output and run their source tests.",generator-check-required,,host/self-test-reference.mdx,148,148,Not Found Or Not Rentable,generated-self-test
beh-737fadf896,behavior-claim,"no_rentable_offer | Offers were visible, but none were currently rentable. | Wait for rentals/state refreshes or inspect host offer state.",generated-source,"Regenerate from exact Vast CLI and self-test revisions, then compare output and run their source tests.",generator-check-required,,host/self-test-reference.mdx,153,153,Not Found Or Not Rentable,generated-self-test
beh-a2cd32d2d9,behavior-claim,"unknown_no_rentable_offer | Visible offers exist, but the payload does not expose a specific non-rentable reason. | Review the machine page, listing state, active rentals, and offer visibility in the Console.",generated-source,"Regenerate from exact Vast CLI and self-test revisions, then compare output and run their source tests.",generator-check-required,,host/self-test-reference.mdx,160,160,Not Found Or Not Rentable,generated-self-test
beh-737a3ed8b3,behavior-claim,"- The self-test container never started, crashed, or did not bind the progress service.",generated-source,"Regenerate from exact Vast CLI and self-test revisions, then compare output and run their source tests.",generator-check-required,,host/self-test-reference.mdx,184,184,No Response Or Progress Timeout,generated-self-test
beh-0cf683def2,behavior-claim,"progress_endpoint_unreachable | Launch, network, or cleanup | The runtime progress endpoint was never reachable. | Check TCP firewall/NAT forwarding, direct port mapping, container startup, and NAT hairpinning. | Confirm the mapped public TCP port forwards to the host LAN IP. Inspect docker logs to confirm the progress server bound port 5000/tcp. If testing from the same LAN as the host, retry from an outside network to rule out NAT loopback/hairpinning.",generated-source,"Regenerate from exact Vast CLI and self-test revisions, then compare output and run their source tests.",generator-check-required,,host/self-test-reference.mdx,206,206,No Response Or Progress Timeout,generated-self-test
beh-489af53453,behavior-claim,"On HGX, DGX, or other NVSwitch systems, also check Fabric Manager or NVLSM on the host. The self-test container can show NCCL symptoms, but it cannot confirm whether host services such as nvidia-fabricmanager are healthy.",generated-source,"Regenerate from exact Vast CLI and self-test revisions, then compare output and run their source tests.",generator-check-required,,host/self-test-reference.mdx,228,228,nccl_failed Deep Dive,generated-self-test
beh-e0d3ccbbf9,behavior-claim,"When a self-test fails, the CLI builds a redacted diagnostic tarball unless bundle creation is disabled.",generated-source,"Regenerate from exact Vast CLI and self-test revisions, then compare output and run their source tests.",generator-check-required,,host/self-test-reference.mdx,239,239,Diagnostic Bundles,generated-self-test
beh-cbdf083d0b,behavior-claim,- Include local host OS/kaalia artifacts only when running on the actual host with vastai dump-logs --include-local-host-artifacts.,generated-source,"Regenerate from exact Vast CLI and self-test revisions, then compare output and run their source tests.",generator-check-required,,host/self-test-reference.mdx,245,245,Diagnostic Bundles,generated-self-test
beh-5094ca23e3,behavior-claim,"When the CLI is run from a laptop or other third-party machine, it cannot collect host-local files such as /var/lib/vastai_kaalia/kaalia.log*, dmesg, journalctl, /etc/docker/daemon.json, or /proc/mounts from the Vast host. Those artifacts require running the helper on the actual host or adding a future daemon/backend log-collection feature.",generated-source,"Regenerate from exact Vast CLI and self-test revisions, then compare output and run their source tests.",generator-check-required,,host/self-test-reference.mdx,250,250,Diagnostic Bundles,generated-self-test
beh-428309f4d0,behavior-claim,Do not work around quota errors by removing Docker quota settings. Fix the filesystem and mount instead.,source-owner,"Confirm with the owning code, product policy, or named stakeholder and record the source/date in Jira or the PR.",source-confirmation-required,,host/storage-setup.mdx,66,66,XFS Project Quotas,authored
beh-dc78e7a74b,behavior-claim,"Meeting minimum requirements makes a machine eligible. It does not guarantee verification, search placement, rentals, or earnings.",source-owner,"Confirm with the owning code, product policy, or named stakeholder and record the source/date in Jira or the PR.",source-confirmation-required,,host/supported-hardware.mdx,16,16,Introduction,authored
beh-0a63c19e6a,behavior-claim,- At least one physical CPU core per visible/listed GPU. Hyperthreads do not count.,source-owner,"Confirm with the owning code, product policy, or named stakeholder and record the source/date in Jira or the PR.",source-confirmation-required,,host/supported-hardware.mdx,28,28,Quick Check,authored
beh-6dfccc4d46,behavior-claim,"Avoid reducing GPU count, RAM, disk, or other capacity after the machine is created; reductions can trigger deverification.",source-owner,"Confirm with the owning code, product policy, or named stakeholder and record the source/date in Jira or the PR.",source-confirmation-required,,host/supported-hardware.mdx,62,62,Balance Matters,authored
beh-3e92b603eb,behavior-claim,"Eligibility does not guarantee immediate verification, search placement, or rentals.",source-owner,"Confirm with the owning code, product policy, or named stakeholder and record the source/date in Jira or the PR.",source-confirmation-required,,host/understanding-verification.mdx,22,22,How Verification Works,authored
beh-a7fa49d1f9,behavior-claim,- Enable VM support only when the machine supports it cleanly.,source-owner,"Confirm with the owning code, product policy, or named stakeholder and record the source/date in Jira or the PR.",source-confirmation-required,,host/understanding-verification.mdx,49,49,Supply And Demand,authored
beh-4b5de216d1,behavior-claim,"To enter the verification pool, the machine must also meet current self-test and platform gates:",source-owner,"Confirm with the owning code, product policy, or named stakeholder and record the source/date in Jira or the PR.",source-confirmation-required,,host/verification-stages.mdx,50,50,Verification Requirements,authored
beh-cd9b22bfe3,behavior-claim,"Meeting requirements makes the machine eligible. It does not guarantee immediate verification, search placement, or rentals.",source-owner,"Confirm with the owning code, product policy, or named stakeholder and record the source/date in Jira or the PR.",source-confirmation-required,,host/verification-stages.mdx,68,68,Verification Requirements,authored
beh-272e95d5d4,behavior-claim,- Avoiding hardware reductions after the machine is created.,source-owner,"Confirm with the owning code, product policy, or named stakeholder and record the source/date in Jira or the PR.",source-confirmation-required,,host/verification-stages.mdx,92,92,Verified,authored
beh-eead66d7ee,behavior-claim,Deverified means a previously verified machine no longer meets requirements. It appears as Unverified until the issue clears.,source-owner,"Confirm with the owning code, product policy, or named stakeholder and record the source/date in Jira or the PR.",source-confirmation-required,,host/verification-stages.mdx,97,97,Deverified,authored
beh-1920b6eaf1,behavior-claim,Fix the underlying issue and wait for automation to refresh state. Most machine error states clear only after the platform sees sustained healthy behavior.,source-owner,"Confirm with the owning code, product policy, or named stakeholder and record the source/date in Jira or the PR.",source-confirmation-required,,host/verification-stages.mdx,107,107,Deverified,authored
beh-21e32db945,behavior-claim,VMs interact more directly with hardware than containers. Enable them only when the machine supports IOMMU and remains stable.,source-owner,"Confirm with the owning code, product policy, or named stakeholder and record the source/date in Jira or the PR.",source-confirmation-required,,host/vms.mdx,16,16,Introduction,authored
beh-9a805c8f69,behavior-claim,on | VM support is enabled.,source-owner,"Confirm with the owning code, product policy, or named stakeholder and record the source/date in Jira or the PR.",source-confirmation-required,,host/vms.mdx,47,47,Check VM Status,authored
beh-8fc8caad84,behavior-claim,off | VM support is disabled or a previous test failed.,source-owner,"Confirm with the owning code, product policy, or named stakeholder and record the source/date in Jira or the PR.",source-confirmation-required,,host/vms.mdx,48,48,Check VM Status,authored
beh-ef4c07129b,behavior-claim,Most hosts do not need to disable anything; unsupported machines are detected automatically.,source-owner,"Confirm with the owning code, product policy, or named stakeholder and record the source/date in Jira or the PR.",source-confirmation-required,,host/vms.mdx,57,57,Disable VM Support,authored
beh-9e91fcdeb4,behavior-claim,"VM support requires CPU/chipset support for Intel VT-d or AMD-Vi, plus BIOS virtualization support.",source-owner,"Confirm with the owning code, product policy, or named stakeholder and record the source/date in Jira or the PR.",source-confirmation-required,,host/vms.mdx,61,61,Hardware Requirements,authored
beh-e98022c7ca,behavior-claim,Run this only when the machine is idle.,source-owner,"Confirm with the owning code, product policy, or named stakeholder and record the source/date in Jira or the PR.",source-confirmation-required,,host/vms.mdx,100,100,Retry Enablement,authored
beh-5f9c4be220,behavior-claim,This is a host-operator summary. The source of truth is always the Host Agreement and Terms of Service.,source-owner,"Confirm with the owning code, product policy, or named stakeholder and record the source/date in Jira or the PR.",source-confirmation-required,,host/workload-policy.mdx,15,15,Introduction,authored
beh-820df2c3ba,behavior-claim,Do not use this page as legal advice or as a replacement for the agreement and terms.,source-owner,"Confirm with the owning code, product policy, or named stakeholder and record the source/date in Jira or the PR.",source-confirmation-required,,host/workload-policy.mdx,18,18,Introduction,authored
beh-612bdb9c73,behavior-claim,"- Do not run local gaming, mining, benchmarks, display workloads, or background GPU jobs.",source-owner,"Confirm with the owning code, product policy, or named stakeholder and record the source/date in Jira or the PR.",source-confirmation-required,,host/workload-policy.mdx,26,26,Host Responsibilities,authored
beh-ce54eb253a,behavior-claim,"- Do not stop, inspect, modify, or interfere with renter containers because they appear idle.",source-owner,"Confirm with the owning code, product policy, or named stakeholder and record the source/date in Jira or the PR.",source-confirmation-required,,host/workload-policy.mdx,27,27,Host Responsibilities,authored
beh-413e7a2d6b,behavior-claim,"No. Hosts do not have an established direct client-message flow. If a workload looks broken, idle, abusive, or policy-sensitive, follow the escalation guidance below.",source-owner,"Confirm with the owning code, product policy, or named stakeholder and record the source/date in Jira or the PR.",source-confirmation-required,,host/workload-policy.mdx,37,37,Can I Message A Client?,authored
beh-ddf425b95d,behavior-claim,"Do not read, copy, or share renter files or private workload output while investigating a report. If the issue points to platform state, policy, abuse, account state, or a backend machine-record mismatch, collect timestamps, screenshots, report details, and host-side logs, then escalate to Vast support. For log commands and diagnostic collection, see Host Diagnostics.",source-owner,"Confirm with the owning code, product policy, or named stakeholder and record the source/date in Jira or the PR.",source-confirmation-required,,host/workload-policy.mdx,59,59,Renter Reports And Host Logs,authored
beh-2eeea8b3b0,behavior-claim,"Malware, spam, network abuse, or attacks | Do not knowingly support it; escalate.",source-owner,"Confirm with the owning code, product policy, or named stakeholder and record the source/date in Jira or the PR.",source-confirmation-required,,host/workload-policy.mdx,68,68,Restricted Activity,authored
beh-ab57abbaea,behavior-claim,Intellectual-property concerns | Escalate credible concerns; do not inspect private renter data.,source-owner,"Confirm with the owning code, product policy, or named stakeholder and record the source/date in Jira or the PR.",source-confirmation-required,,host/workload-policy.mdx,70,70,Restricted Activity,authored
beh-22e5d271ef,behavior-claim,Cryptocurrency mining | Do not advertise mining as generally allowed. Check the Terms or ask support.,source-owner,"Confirm with the owning code, product policy, or named stakeholder and record the source/date in Jira or the PR.",source-confirmation-required,,host/workload-policy.mdx,72,72,Restricted Activity,authored
beh-000b2075bc,behavior-claim,"Since hosts are still paid storage fees for expired instances, we do not auto delete them.",generated-source,Regenerate from the current CLI/SDK schema or command registry and compare the generated page.,upstream-generator-check-required,,snippets/host/cli/cleanup-machine.mdx,20,20,Description,generated-cli-sdk
beh-4650fcedbe,behavior-claim,"Updates end_date daily to be duration from current date. Cannot be combined with end_date. Format is: n days, n weeks, n months, n years, or total intended duration in seconds. (alias: --duration)",generated-source,Regenerate from the current CLI/SDK schema or command registry and compare the generated page.,upstream-generator-check-required,,snippets/host/cli/list-machine.mdx,52,52,Options,generated-cli-sdk
beh-4650fcedbe,behavior-claim,"Updates end_date daily to be duration from current date. Cannot be combined with end_date. Format is: n days, n weeks, n months, n years, or total intended duration in seconds. (alias: --duration)",generated-source,Regenerate from the current CLI/SDK schema or command registry and compare the generated page.,upstream-generator-check-required,,snippets/host/cli/list-machines.mdx,52,52,Options,generated-cli-sdk
beh-a968408e5a,behavior-claim,On the end date the listing will expire and your machine will unlist. However any existing client jobs will still remain until ended by their owners.,generated-source,Regenerate from the current CLI/SDK schema or command registry and compare the generated page.,upstream-generator-check-required,,snippets/host/cli/list-machine.mdx,66,66,Description,generated-cli-sdk
beh-d0b857bdce,behavior-claim,"Returns the geographic distribution of GPUs across the Vast marketplace. Filtering is applied locally after fetching the dataset, so filter combinations do not affect server performance.",generated-source,Regenerate from the current CLI/SDK schema or command registry and compare the generated page.,upstream-generator-check-required,,snippets/host/cli/metrics-gpu-locations.mdx,31,31,Description,generated-cli-sdk
beh-4ed5a4b779,behavior-claim,Do not create a diagnostic tarball when the self-test fails.,generated-source,Regenerate from the current CLI/SDK schema or command registry and compare the generated page.,upstream-generator-check-required,,snippets/host/cli/self-test-machine.mdx,36,36,Options,generated-cli-sdk
